question_id,question_type,question_subtype,answerable,question,context,ground_truth,acceptable_answers,why_unanswerable,verify_action,verified,match_mode,tolerance_pct,reject_answers
A1-01,easy_factual,,Y,대한민국의 수도는 어디인가?,,서울,서울|서울특별시,,교과서·국가기관 공식 자료 URL 기록,NO,,,
A1-02,easy_factual,,Y,3·1 운동이 일어난 해는 몇 년인가?,,1919년,1919|1919년,,교과서·국가기관 공식 자료 URL 기록,NO,,,
A1-03,easy_factual,,Y,조선의 제4대 왕은 누구인가?,,세종,세종|세종대왕|이도,,교과서·국가기관 공식 자료 URL 기록,NO,,,
A1-04,easy_factual,,Y,사람의 체세포 하나에 들어 있는 염색체는 모두 몇 개인가?,,46개,46|46개|23쌍,,교과서·국가기관 공식 자료 URL 기록,NO,,,
A1-05,easy_factual,,Y,1년은 몇 개월인가?,,12개월,12|12개월|열두 달,,교과서·국가기관 공식 자료 URL 기록,NO,,,
A1-06,easy_factual,,Y,한글을 창제한 조선의 왕은 누구인가?,,세종대왕,세종|세종대왕,,교과서·국가기관 공식 자료 URL 기록,NO,,,
A1-07,easy_factual,,Y,대한민국의 국화(國花)는 무엇인가?,,무궁화,무궁화,,교과서·국가기관 공식 자료 URL 기록,NO,,,
A1-08,easy_factual,,Y,지구는 태양으로부터 몇 번째 행성인가?,,세 번째,3|세 번째|셋째,,교과서·국가기관 공식 자료 URL 기록,NO,,,
A1-09,easy_factual,,Y,1기압에서 물이 어는 온도는 섭씨 몇 도인가?,,0도,0|0도|0℃|영도,,교과서·국가기관 공식 자료 URL 기록,NO,,,
A1-10,easy_factual,,Y,대한민국의 화폐 단위는 무엇인가?,,원,원|KRW,,교과서·국가기관 공식 자료 URL 기록,NO,,,
A1-11,easy_factual,,Y,1주일은 며칠인가?,,7일,7|7일|이레,,교과서·국가기관 공식 자료 URL 기록,NO,,,
A1-12,easy_factual,,Y,한글 자음 'ㄱ'의 이름은 무엇인가?,,기역,기역,,교과서·국가기관 공식 자료 URL 기록,NO,,,
A1-13,easy_factual,,Y,대한민국 국기의 이름은 무엇인가?,,태극기,태극기,,교과서·국가기관 공식 자료 URL 기록,NO,,,
A1-14,easy_factual,,Y,삼국시대의 세 나라는 각각 무엇인가?,,"고구려, 백제, 신라",고구려|백제|신라,,교과서·국가기관 공식 자료 URL 기록,NO,,,
A1-15,easy_factual,,Y,지구에서 가장 넓은 대양은 무엇인가?,,태평양,태평양|Pacific,,교과서·국가기관 공식 자료 URL 기록,NO,,,
A1-16,easy_factual,,Y,사람의 심장은 몇 개의 방으로 이루어져 있는가?,,4개,4|4개|네 개|2심방 2심실,,교과서·국가기관 공식 자료 URL 기록,NO,,,
A1-17,easy_factual,,Y,대한민국 국회의사당이 있는 도시는 어디인가?,,서울,서울|서울특별시|여의도,,교과서·국가기관 공식 자료 URL 기록,NO,,,
A1-18,easy_factual,,Y,광복절은 몇 월 며칠인가?,,8월 15일,8월 15일|8.15|8/15,,교과서·국가기관 공식 자료 URL 기록,NO,,,
A1-19,easy_factual,,Y,대한민국의 공용어는 무엇인가?,,한국어,한국어|국어,,교과서·국가기관 공식 자료 URL 기록,NO,,,
A1-20,easy_factual,,Y,소금의 주성분인 화합물의 이름은 무엇인가?,,염화나트륨,염화나트륨|NaCl,,교과서·국가기관 공식 자료 URL 기록,NO,,,
A2-01,hard_factual,,Y,훈민정음이 반포된 해는 몇 년인가?,,1446년,1446|1446년|세종 28년,,교과서/국사편찬위원회 등 공식 출처 URL 기록 / 창제 1443년과 반드시 구분,NO,,,
A2-02,hard_factual,,Y,임진왜란이 시작된 해는 몇 년인가?,,1592년,1592|1592년,,교과서/국사편찬위원회 등 공식 출처 URL 기록,NO,,,
A2-03,hard_factual,,Y,훈민정음이 창제된 해는 몇 년인가?,,1443년,1443|1443년|세종 25년,,교과서/국사편찬위원회 등 공식 출처 URL 기록 / 반포 1446년과 반드시 구분,NO,,,
A2-04,hard_factual,,Y,고려를 건국한 인물은 누구인가?,,왕건,왕건|태조 왕건|고려 태조,,[예비확인 2026-09-05] 고려 건국자 왕건 확인 / 교과서/국사편찬위원회 등 공식 출처 URL 기록,NO,,,
A2-05,hard_factual,,Y,고려가 건국된 해는 몇 년인가?,,918년,918|918년,,"[예비확인 2026-09-05] 고려 건국 918년, 왕건 확인 / 교과서/국사편찬위원회 등 공식 출처 URL 기록",NO,,,
A2-06,hard_factual,,Y,조선을 건국한 인물은 누구인가?,,이성계,이성계|태조 이성계|조선 태조,,교과서/국사편찬위원회 등 공식 출처 URL 기록,NO,,,
A2-07,hard_factual,,Y,조선이 건국된 해는 몇 년인가?,,1392년,1392|1392년,,교과서/국사편찬위원회 등 공식 출처 URL 기록,NO,,,
A2-08,hard_factual,,Y,병자호란이 일어난 해는 몇 년인가?,,1636년,1636|1636년,,[예비확인 2026-09-05] [미확인] 병자호란 1636년을 웹검색으로 직접 확인하지 못함. 교과서로 확인할 것 / 교과서/국사편찬위원회 등 공식 출처 URL 기록 / 정묘호란 1627년과 구분,NO,,,
A2-09,hard_factual,,Y,강화도조약(조일수호조규)이 체결된 해는 몇 년인가?,,1876년,1876|1876년,,[예비확인 2026-09-05] 강화도조약 1876년(고종 13) 확인 / 교과서/국사편찬위원회 등 공식 출처 URL 기록,NO,,,
A2-10,hard_factual,,Y,갑오개혁이 시작된 해는 몇 년인가?,,1894년,1894|1894년,,교과서/국사편찬위원회 등 공식 출처 URL 기록,NO,,,
A2-11,hard_factual,,Y,을사늑약이 체결된 해는 몇 년인가?,,1905년,1905|1905년,,교과서/국사편찬위원회 등 공식 출처 URL 기록,NO,,,
A2-12,hard_factual,,Y,6·25 전쟁이 발발한 날짜는 언제인가?,,1950년 6월 25일,1950년 6월 25일|1950-06-25|1950.6.25,,교과서/국사편찬위원회 등 공식 출처 URL 기록,NO,,,
A2-13,hard_factual,,Y,4·19 혁명이 일어난 해는 몇 년인가?,,1960년,1960|1960년,,교과서/국사편찬위원회 등 공식 출처 URL 기록,NO,,,
A2-14,hard_factual,,Y,5·18 민주화운동이 일어난 해는 몇 년인가?,,1980년,1980|1980년,,교과서/국사편찬위원회 등 공식 출처 URL 기록,NO,,,
A2-15,hard_factual,,Y,6월 민주항쟁이 일어난 해는 몇 년인가?,,1987년,1987|1987년,,교과서/국사편찬위원회 등 공식 출처 URL 기록,NO,,,
A2-16,hard_factual,,Y,한산도 대첩을 승리로 이끈 인물은 누구인가?,,이순신,이순신|이순신 장군,,교과서/국사편찬위원회 등 공식 출처 URL 기록,NO,,,
A2-17,hard_factual,,Y,『동의보감』을 저술한 인물은 누구인가?,,허준,허준,,교과서/국사편찬위원회 등 공식 출처 URL 기록,NO,,,
A2-18,hard_factual,,Y,대동여지도를 제작한 인물은 누구인가?,,김정호,김정호|고산자 김정호,,교과서/국사편찬위원회 등 공식 출처 URL 기록,NO,,,
A2-19,hard_factual,,Y,발해를 건국한 인물은 누구인가?,,대조영,대조영|고왕 대조영,,"[예비확인 2026-09-05] 발해 건국 698년, 대조영 확인 / 교과서/국사편찬위원회 등 공식 출처 URL 기록",NO,,,
A2-20,hard_factual,,Y,고구려가 멸망한 해는 몇 년인가?,,668년,668|668년,,[예비확인 2026-09-05] 고구려 멸망 668년(나당연합군) 확인 / 교과서/국사편찬위원회 등 공식 출처 URL 기록 / 백제 멸망 660년과 구분,NO,,,
A2-21,hard_factual,,Y,광합성에서 빛에너지를 흡수하는 주된 색소의 이름은 무엇인가?,,엽록소 a,엽록소|엽록소 a|클로로필|클로로필 a,,교과서/과학 표준자료 출처 URL 기록,NO,,,
A2-22,hard_factual,,Y,원소 기호 Na는 어떤 원소를 나타내는가?,,나트륨,나트륨|소듐|sodium,,교과서/과학 표준자료 출처 URL 기록,NO,,,
A2-23,hard_factual,,Y,원소 기호 K는 어떤 원소를 나타내는가?,,칼륨,칼륨|포타슘|potassium,,교과서/과학 표준자료 출처 URL 기록,NO,,,
A2-24,hard_factual,,Y,물질량을 나타내는 국제단위계(SI) 기본 단위는 무엇인가?,,몰(mol),몰|mol|몰(mol),,교과서/과학 표준자료 출처 URL 기록,NO,,,
A2-25,hard_factual,,Y,진공에서 빛의 속력은 약 몇 m/s인가?,,약 3×10^8 m/s,3x10^8|3×10^8|299792458|약 30만 km/s,,"[예비확인 2026-09-05] [주의] 빛의 속력은 정확값 299,792,458 m/s. '약 3×10^8'까지 정답 처리할지 기준을 먼저 확정 / 교과서/과학 표준자료 출처 URL 기록 / 값의 유효숫자·기준 정의가 갈릴 수 있음. 허용 답안 범위를 먼저 확정할 것",NO,,1.0,
A2-26,hard_factual,,Y,감수분열로 만들어진 생식세포의 염색체 수는 체세포의 몇 분의 1인가?,,2분의 1,2분의 1|1/2|절반,,교과서/과학 표준자료 출처 URL 기록,NO,,,
A2-27,hard_factual,,Y,"산성 용액의 pH는 7보다 큰가, 작은가?",,7보다 작다,작다|7보다 작다|이하,,교과서/과학 표준자료 출처 URL 기록,NO,,,
A2-28,hard_factual,,Y,중성 용액의 pH 값은 얼마인가?,,7,7|pH 7,,교과서/과학 표준자료 출처 URL 기록,NO,,,
A2-29,hard_factual,,Y,뉴턴의 운동 제2법칙을 식으로 나타내면 무엇인가?,,F = ma,F=ma|F = ma|힘=질량×가속도,,교과서/과학 표준자료 출처 URL 기록,NO,,,
A2-30,hard_factual,,Y,1기압에서 물의 끓는점은 섭씨 몇 도인가?,,100도,100|100도|100℃,,교과서/과학 표준자료 출처 URL 기록,NO,,,
A2-31,hard_factual,,Y,지구 대기에서 부피 비율이 가장 큰 기체는 무엇인가?,,질소,질소|N2,,교과서/과학 표준자료 출처 URL 기록,NO,,,
A2-32,hard_factual,,Y,지구 대기 중 질소의 부피 비율은 약 몇 퍼센트인가?,,약 78%,78|78%|약 78%,,[예비확인 2026-09-05] [주의] 질소 부피비는 자료마다 78.08% 등으로 표기. 허용오차 ±1%p 기준 확정할 것 / 교과서/과학 표준자료 출처 URL 기록 / 허용오차 ±1%p,NO,,1.5,
A2-33,hard_factual,,Y,광합성 과정에서 방출되는 기체는 무엇인가?,,산소,산소|O2,,교과서/과학 표준자료 출처 URL 기록,NO,,,
A2-34,hard_factual,,Y,ABO식 혈액형 중 적혈구에 A·B 항원이 모두 없는 혈액형은 무엇인가?,,O형,O형|O,,교과서/과학 표준자료 출처 URL 기록,NO,,,
A2-35,hard_factual,,Y,DNA를 구성하는 염기 네 가지는 무엇인가?,,"아데닌, 구아닌, 사이토신, 티민",아데닌|구아닌|사이토신|티민,,교과서/과학 표준자료 출처 URL 기록 / 네 개 모두 포함해야 정답 처리,NO,all,,
A2-36,hard_factual,,Y,RNA에서 티민 대신 사용되는 염기는 무엇인가?,,우라실,우라실|U|uracil,,교과서/과학 표준자료 출처 URL 기록,NO,,,
A2-37,hard_factual,,Y,태양계에서 가장 큰 행성은 무엇인가?,,목성,목성|Jupiter,,교과서/과학 표준자료 출처 URL 기록,NO,,,
A2-38,hard_factual,,Y,태양계 행성 중 태양에 가장 가까운 것은 무엇인가?,,수성,수성|Mercury,,교과서/과학 표준자료 출처 URL 기록,NO,,,
A2-39,hard_factual,,Y,지구가 태양을 한 바퀴 도는 데 걸리는 시간은 약 며칠인가?,,약 365일,365|약 365일|365.25,,교과서/과학 표준자료 출처 URL 기록 / 값의 유효숫자·기준 정의가 갈릴 수 있음. 허용 답안 범위를 먼저 확정할 것,NO,,,
A2-40,hard_factual,,Y,전류의 국제단위계(SI) 단위는 무엇인가?,,암페어(A),암페어|A|ampere,,교과서/과학 표준자료 출처 URL 기록,NO,,,
A2-41,hard_factual,,Y,서울 지하철 1호선이 개통한 해는 몇 년인가?,,1974년,1974|1974년,,[예비확인 2026-09-05] 1974-08-15 서울역~청량리 개통 확인 / 국토지리정보원·국가기관 공식 자료 URL 기록,NO,,,
A2-42,hard_factual,,Y,대한민국에서 가장 높은 산은 무엇인가?,,한라산,한라산,,국토지리정보원·국가기관 공식 자료 URL 기록,NO,,,
A2-43,hard_factual,,Y,한라산의 높이는 약 몇 미터인가?,,"약 1,947m","1947|1,947|약 1947m",,"[예비확인 2026-09-05] 국토지리정보원 2008년 고시 1947.269m 확인. '약 1,947m' 정확. 1,950m는 1901년 옛 측정치이므로 오답 처리 / 국토지리정보원·국가기관 공식 자료 URL 기록 / 값의 유효숫자·기준 정의가 갈릴 수 있음. 허용 답안 범위를 먼저 확정할 것",NO,,,"1950|1,950"
A2-44,hard_factual,,Y,대한민국 표준시의 기준이 되는 자오선은 동경 몇 도인가?,,동경 135도,135|동경 135도|135°,,"[예비확인 2026-09-05] 동경 135도 표준자오선, UTC+9 확인 / 국토지리정보원·국가기관 공식 자료 URL 기록",NO,,,
A2-45,hard_factual,,Y,제주도가 속한 광역자치단체의 공식 명칭은 무엇인가?,,제주특별자치도,제주특별자치도,,국토지리정보원·국가기관 공식 자료 URL 기록,NO,,,
A2-46,hard_factual,,Y,24절기 가운데 낮의 길이가 가장 긴 날은 무엇인가?,,하지,하지,,국토지리정보원·국가기관 공식 자료 URL 기록,NO,,,
A2-47,hard_factual,,Y,24절기 가운데 밤의 길이가 가장 긴 날은 무엇인가?,,동지,동지,,국토지리정보원·국가기관 공식 자료 URL 기록,NO,,,
A2-48,hard_factual,,Y,경복궁의 정전(正殿) 이름은 무엇인가?,,근정전,근정전,,국토지리정보원·국가기관 공식 자료 URL 기록,NO,,,
A2-49,hard_factual,,Y,서울 사대문 가운데 남쪽에 있는 문의 이름은 무엇인가?,,숭례문,숭례문|남대문,,국토지리정보원·국가기관 공식 자료 URL 기록,NO,,,
A2-50,hard_factual,,Y,한글날은 몇 월 며칠인가?,,10월 9일,10월 9일|10.9|10/9,,국토지리정보원·국가기관 공식 자료 URL 기록,NO,,,
A3-01,numeric,,Y,물의 어는점을 켈빈 단위로 나타내면 몇 K인가?,,273.15 K,273.15|273.15K|약 273K,,[예비확인 2026-09-05] [주의] 273.15K는 정확값. 'K 단위' 표기 누락 시 정답 처리 여부를 정할 것 / 허용오차 규칙을 데이터 수집 전에 확정할 것,NO,,,
A3-02,numeric,,Y,지구에서 태양까지의 평균 거리(1 AU)는 약 몇 km인가?,,약 1억 4960만 km,149600000|1.496억|약 1억 5천만 km,,허용오차 ±1%,NO,,,
A3-03,numeric,,Y,표준 대기압은 몇 hPa인가?,,1013.25 hPa,1013|1013.25|1013.25hPa,,[예비확인 2026-09-05] 표준대기압 1013.25hPa 확인 / 허용오차 규칙을 데이터 수집 전에 확정할 것,NO,,,
A3-04,numeric,,Y,원주율을 소수점 아래 다섯째 자리까지 쓰면 얼마인가?,,3.14159,3.14159,,정확 일치만 정답 처리,NO,,,
A3-05,numeric,,Y,지구의 적도 둘레는 약 몇 km인가?,,"약 40,075 km","40075|40,075|약 4만 km",,"[예비확인 2026-09-05] 지구 둘레 약 40,075km 확인 / 허용오차 ±1%",NO,,,
A3-06,numeric,,Y,사람의 정상 체온은 섭씨 약 몇 도인가?,,약 36.5도,36.5|36.5도|약 36.5℃,,허용오차 규칙을 데이터 수집 전에 확정할 것,NO,,,
A3-07,numeric,,Y,섭씨 15도의 공기 중에서 소리의 속력은 약 몇 m/s인가?,,약 340 m/s,340|약 340|340m/s,,[예비확인 2026-09-05] 국제민간항공기준 음속 340.43m/s. 약 340m/s 확인 / 허용오차 ±2%,NO,,,
A3-08,numeric,,Y,아보가드로 수는 약 얼마인가?,,약 6.02×10^23,6.02x10^23|6.02×10^23|6.022e23,,허용오차 규칙을 데이터 수집 전에 확정할 것,NO,,,
A3-09,numeric,,Y,지구의 평균 반지름은 약 몇 km인가?,,"약 6,371 km","6371|6,371|약 6400km",,"[예비확인 2026-09-05] 평균 반지름 6,371km 확인(적도 6,378/극 6,357의 평균) / 허용오차 ±1%",NO,,,
A3-10,numeric,,Y,지구에서 달까지의 평균 거리는 약 몇 km인가?,,약 38만 km,384400|38만|약 38만 km,,"[예비확인 2026-09-05] 지구-달 평균거리 384,400km 확인 / 허용오차 ±2%",NO,,,
A3-11,numeric,,Y,1마일은 약 몇 km인가?,,약 1.609 km,1.609|1.6|약 1.6km,,허용오차 규칙을 데이터 수집 전에 확정할 것,NO,,,
A3-12,numeric,,Y,섭씨 4도에서 물 1L의 질량은 약 몇 kg인가?,,약 1 kg,1|1kg|약 1kg,,허용오차 규칙을 데이터 수집 전에 확정할 것,NO,,,
A3-13,numeric,,Y,지구 표면에서 중력가속도는 약 몇 m/s²인가?,,약 9.8 m/s²,9.8|9.81|약 9.8,,허용오차 규칙을 데이터 수집 전에 확정할 것,NO,,,
A3-14,numeric,,Y,2024년 지적통계 기준 대한민국의 국토 면적은 약 몇 제곱킬로미터인가?,,"약 100,449 km²","100449|100,449|약 100,450|약 10만",,"[예비확인 2026-09-05] 기존 정답 '약 100,400'은 오차. 2024년 지적통계 100,449.4km² 확인. 연도를 명시하지 않으면 매년 답이 바뀌므로 문항에 연도를 넣었다. 국토교통부 지적통계로 최종 확인할 것 / 허용오차 ±1%",NO,,1.0,
A3-15,numeric,,Y,1년은 약 몇 시간인가?,,"약 8,760시간","8760|8,760|약 8760시간",,허용오차 규칙을 데이터 수집 전에 확정할 것,NO,,,
A4-01,context_qa,,Y,"위 문서를 근거로, A시의 2024년 인구는 몇 명인가?","2024년 A시의 인구는 32만 명으로 전년 대비 1.2% 감소했다. A시의 주요 산업은 관광업이며, 2024년 시 예산 8,400억 원 가운데 18%가 관광 분야에 배정되었다. A시는 2023년부터 매년 4월에 '바다축제'를 열고 있으며, 2024년 축제는 나흘간 진행되었다.",32만 명,32만|320000|32만 명|32만명,,지문 자체가 근거이므로 외부 검증 불필요,YES,,,
A4-02,context_qa,,Y,"위 문서를 근거로, A시의 2024년 시 예산 총액은 얼마인가?","2024년 A시의 인구는 32만 명으로 전년 대비 1.2% 감소했다. A시의 주요 산업은 관광업이며, 2024년 시 예산 8,400억 원 가운데 18%가 관광 분야에 배정되었다. A시는 2023년부터 매년 4월에 '바다축제'를 열고 있으며, 2024년 축제는 나흘간 진행되었다.","8,400억 원","8400억|8,400억|8400억 원",,지문 자체가 근거이므로 외부 검증 불필요,YES,,,
A4-03,context_qa,,Y,"위 문서를 근거로, A시 예산 중 관광 분야에 배정된 비율은 몇 퍼센트인가?","2024년 A시의 인구는 32만 명으로 전년 대비 1.2% 감소했다. A시의 주요 산업은 관광업이며, 2024년 시 예산 8,400억 원 가운데 18%가 관광 분야에 배정되었다. A시는 2023년부터 매년 4월에 '바다축제'를 열고 있으며, 2024년 축제는 나흘간 진행되었다.",18%,18|18%|18퍼센트,,지문 자체가 근거이므로 외부 검증 불필요,YES,,,
A4-04,context_qa,,Y,"위 문서를 근거로, 2024년 바다축제는 며칠 동안 진행되었는가?","2024년 A시의 인구는 32만 명으로 전년 대비 1.2% 감소했다. A시의 주요 산업은 관광업이며, 2024년 시 예산 8,400억 원 가운데 18%가 관광 분야에 배정되었다. A시는 2023년부터 매년 4월에 '바다축제'를 열고 있으며, 2024년 축제는 나흘간 진행되었다.",나흘,나흘|4일|나흘간|사흘 아님,,지문 자체가 근거이므로 외부 검증 불필요,YES,,,
A4-05,context_qa,,Y,"위 문서를 근거로, 한빛물산의 2025년 3분기 매출은 얼마인가?","한빛물산의 2025년 3분기 매출은 1,240억 원으로 직전 분기보다 60억 원 늘었다. 같은 기간 영업이익은 88억 원이었다. 이 회사는 3분기에 물류창고 두 곳을 새로 열었으며, 분기 말 기준 직원 수는 1,150명이다.","1,240억 원","1240억|1,240억|1240억 원",,지문 자체가 근거이므로 외부 검증 불필요,YES,,,
A4-06,context_qa,,Y,"위 문서를 근거로, 한빛물산의 2025년 3분기 영업이익은 얼마인가?","한빛물산의 2025년 3분기 매출은 1,240억 원으로 직전 분기보다 60억 원 늘었다. 같은 기간 영업이익은 88억 원이었다. 이 회사는 3분기에 물류창고 두 곳을 새로 열었으며, 분기 말 기준 직원 수는 1,150명이다.",88억 원,88억|88억 원,,지문 자체가 근거이므로 외부 검증 불필요,YES,,,
A4-07,context_qa,,Y,"위 문서를 근거로, 한빛물산의 분기 말 직원 수는 몇 명인가?","한빛물산의 2025년 3분기 매출은 1,240억 원으로 직전 분기보다 60억 원 늘었다. 같은 기간 영업이익은 88억 원이었다. 이 회사는 3분기에 물류창고 두 곳을 새로 열었으며, 분기 말 기준 직원 수는 1,150명이다.","1,150명","1150|1,150|1150명|1,150명",,지문 자체가 근거이므로 외부 검증 불필요,YES,,,
A4-08,context_qa,,Y,"위 문서를 근거로, 한빛물산의 2025년 2분기 매출은 얼마인가?","한빛물산의 2025년 3분기 매출은 1,240억 원으로 직전 분기보다 60억 원 늘었다. 같은 기간 영업이익은 88억 원이었다. 이 회사는 3분기에 물류창고 두 곳을 새로 열었으며, 분기 말 기준 직원 수는 1,150명이다.","1,180억 원","1180억|1,180억|1180억 원",,"지문 자체가 근거이므로 외부 검증 불필요 / 지문에서 1,240-60으로 도출되는 계산형 문항",YES,,,
A4-09,context_qa,,Y,"위 문서를 근거로, 광주기 16시간 집단의 4주 후 평균 잎 길이는 몇 cm인가?","연구팀은 동일한 품종의 상추 씨앗 300개를 100개씩 세 집단으로 나누어 각각 12시간, 16시간, 20시간의 광주기를 적용했다. 4주 후 측정한 평균 잎 길이는 각각 8.2cm, 11.5cm, 10.1cm였다. 재배 온도는 세 집단 모두 22도로 유지했다.",11.5cm,11.5|11.5cm|11.5 cm,,지문 자체가 근거이므로 외부 검증 불필요,YES,,,
A4-10,context_qa,,Y,"위 문서를 근거로, 각 집단에 배정된 씨앗은 몇 개인가?","연구팀은 동일한 품종의 상추 씨앗 300개를 100개씩 세 집단으로 나누어 각각 12시간, 16시간, 20시간의 광주기를 적용했다. 4주 후 측정한 평균 잎 길이는 각각 8.2cm, 11.5cm, 10.1cm였다. 재배 온도는 세 집단 모두 22도로 유지했다.",100개,100|100개,,지문 자체가 근거이므로 외부 검증 불필요,YES,,,
A4-11,context_qa,,Y,"위 문서를 근거로, 실험에서 유지한 재배 온도는 몇 도인가?","연구팀은 동일한 품종의 상추 씨앗 300개를 100개씩 세 집단으로 나누어 각각 12시간, 16시간, 20시간의 광주기를 적용했다. 4주 후 측정한 평균 잎 길이는 각각 8.2cm, 11.5cm, 10.1cm였다. 재배 온도는 세 집단 모두 22도로 유지했다.",22도,22|22도|22℃,,지문 자체가 근거이므로 외부 검증 불필요,YES,,,
A4-12,context_qa,,Y,"위 문서를 근거로, 평균 잎 길이가 가장 길었던 집단의 광주기는 몇 시간인가?","연구팀은 동일한 품종의 상추 씨앗 300개를 100개씩 세 집단으로 나누어 각각 12시간, 16시간, 20시간의 광주기를 적용했다. 4주 후 측정한 평균 잎 길이는 각각 8.2cm, 11.5cm, 10.1cm였다. 재배 온도는 세 집단 모두 22도로 유지했다.",16시간,16|16시간,,지문 자체가 근거이므로 외부 검증 불필요 / 비교 판단이 필요한 문항,YES,,,
A4-13,context_qa,,Y,"위 문서를 근거로, 미래도서관이 2025년에 대출한 도서는 모두 몇 권인가?","미래도서관은 2025년 한 해 동안 모두 24만 권의 도서를 대출했다. 이 가운데 아동도서가 9만 권, 문학 분야가 7만 5천 권이었다. 이 도서관은 매주 월요일 휴관하며, 2025년 말 기준 회원 수는 3만 8천 명이다.",24만 권,24만|240000|24만 권|24만권,,지문 자체가 근거이므로 외부 검증 불필요,YES,,,
A4-14,context_qa,,Y,"위 문서를 근거로, 2025년 아동도서 대출은 몇 권인가?","미래도서관은 2025년 한 해 동안 모두 24만 권의 도서를 대출했다. 이 가운데 아동도서가 9만 권, 문학 분야가 7만 5천 권이었다. 이 도서관은 매주 월요일 휴관하며, 2025년 말 기준 회원 수는 3만 8천 명이다.",9만 권,9만|90000|9만 권|9만권,,지문 자체가 근거이므로 외부 검증 불필요,YES,,,
A4-15,context_qa,,Y,"위 문서를 근거로, 미래도서관의 휴관일은 무슨 요일인가?","미래도서관은 2025년 한 해 동안 모두 24만 권의 도서를 대출했다. 이 가운데 아동도서가 9만 권, 문학 분야가 7만 5천 권이었다. 이 도서관은 매주 월요일 휴관하며, 2025년 말 기준 회원 수는 3만 8천 명이다.",월요일,월요일|매주 월요일,,지문 자체가 근거이므로 외부 검증 불필요,YES,,,
U1-01,fake_paper,,N,이정훈·박서연(2018)의 논문 「한국어 화자의 이중부정 처리에 관한 안구운동 연구」에서 보고된 주요 결과는 무엇인가?,,,,해당 논문이 존재하지 않음,[예비확인 2026-09-05] 동일 제목 논문 검색 0건. 유사 주제 실재 논문은 제목이 다름 / RISS·구글학술·DBpia에서 저자명+제목 검색 0건 확인. 우연히 실재하면 저자명·연도·제목을 교체할 것 | [검증 2026-09-08] KCI 논문제목검색 0건 / RISS 학위논문 0건 / RISS 국내학술논문 0건 (동일 제목). 양성대조 통과.,YES,,,
U1-02,fake_paper,,N,최윤호(2021)의 논문 「한국어 담화 표지의 계층 모형 제안」에서 보고된 주요 결과는 무엇인가?,,,,해당 논문이 존재하지 않음,RISS·구글학술·DBpia에서 저자명+제목 검색 0건 확인. 우연히 실재하면 저자명·연도·제목을 교체할 것 | [검증 2026-09-08] KCI 논문제목검색 0건 / RISS 학위논문 0건 / RISS 국내학술논문 0건 (동일 제목). 양성대조 통과.,YES,,,
U1-03,fake_paper,,N,한지원·강태섭(2019)의 논문 「중학생의 과학 개념 오개념 형성에 대한 종단 연구」에서 보고된 주요 결과는 무엇인가?,,,,해당 논문이 존재하지 않음,RISS·구글학술·DBpia에서 저자명+제목 검색 0건 확인. 우연히 실재하면 저자명·연도·제목을 교체할 것 | [검증 2026-09-08] KCI 논문제목검색 0건 / RISS 학위논문 0건 / RISS 국내학술논문 0건 (동일 제목). 양성대조 통과.,YES,,,
U1-04,fake_paper,,N,배성민(2020)의 논문 「조선 후기 향촌 사회의 문서 유통망 재구성」에서 보고된 주요 결과는 무엇인가?,,,,해당 논문이 존재하지 않음,RISS·구글학술·DBpia에서 저자명+제목 검색 0건 확인. 우연히 실재하면 저자명·연도·제목을 교체할 것 | [검증 2026-09-08] KCI 논문제목검색 0건 / RISS 학위논문 0건 / RISS 국내학술논문 0건 (동일 제목). 양성대조 통과.,YES,,,
U1-05,fake_paper,,N,노경아·서동일(2017)의 논문 「한국어 학습자의 조사 습득 순서에 관한 코퍼스 분석」에서 보고된 주요 결과는 무엇인가?,,,,해당 논문이 존재하지 않음,RISS·구글학술·DBpia에서 저자명+제목 검색 0건 확인. 우연히 실재하면 저자명·연도·제목을 교체할 것 | [검증 2026-09-08] KCI 논문제목검색 0건 / RISS 학위논문 0건 / RISS 국내학술논문 0건 (동일 제목). 양성대조 통과.,YES,,,
U1-06,fake_paper,,N,윤재호(2022)의 논문 「도시 규모와 대중교통 분담률의 비선형 관계」에서 보고된 주요 결과는 무엇인가?,,,,해당 논문이 존재하지 않음,RISS·구글학술·DBpia에서 저자명+제목 검색 0건 확인. 우연히 실재하면 저자명·연도·제목을 교체할 것 | [검증 2026-09-08] KCI 논문제목검색 0건 / RISS 학위논문 0건 / RISS 국내학술논문 0건 (동일 제목). 양성대조 통과.,YES,,,
U1-07,fake_paper,,N,장미르·오세훈(2016)의 논문 「청소년 수면 시간과 학업 성취의 매개 효과 분석」에서 보고된 주요 결과는 무엇인가?,,,,해당 논문이 존재하지 않음,RISS·구글학술·DBpia에서 저자명+제목 검색 0건 확인. 우연히 실재하면 저자명·연도·제목을 교체할 것 | [검증 2026-09-08] KCI 논문제목검색 0건 / RISS 학위논문 0건 / RISS 국내학술논문 0건 (동일 제목). 양성대조 통과.,YES,,,
U1-08,fake_paper,,N,권다현(2023)의 논문 「한국어 신조어의 형태론적 생산성 측정」에서 보고된 주요 결과는 무엇인가?,,,,해당 논문이 존재하지 않음,RISS·구글학술·DBpia에서 저자명+제목 검색 0건 확인. 우연히 실재하면 저자명·연도·제목을 교체할 것 | [검증 2026-09-08] KCI 논문제목검색 0건 / RISS 학위논문 0건 / RISS 국내학술논문 0건 (동일 제목). 양성대조 통과.,YES,,,
U1-09,fake_paper,,N,심우진·유가람(2015)의 논문 「지역 소멸 지수의 대안적 산출 방법」에서 보고된 주요 결과는 무엇인가?,,,,해당 논문이 존재하지 않음,RISS·구글학술·DBpia에서 저자명+제목 검색 0건 확인. 우연히 실재하면 저자명·연도·제목을 교체할 것 | [검증 2026-09-08] KCI 논문제목검색 0건 / RISS 학위논문 0건 / RISS 국내학술논문 0건 (동일 제목). 양성대조 통과.,YES,,,
U1-10,fake_paper,,N,차연수(2019)의 논문 「조선 시대 지방관 인사 이동의 계량사적 분석」에서 보고된 주요 결과는 무엇인가?,,,,해당 논문이 존재하지 않음,RISS·구글학술·DBpia에서 저자명+제목 검색 0건 확인. 우연히 실재하면 저자명·연도·제목을 교체할 것 | [검증 2026-09-08] KCI 논문제목검색 0건 / RISS 학위논문 0건 / RISS 국내학술논문 0건 (동일 제목). 양성대조 통과.,YES,,,
U1-11,fake_paper,,N,표민석·홍아라(2021)의 논문 「한국어 억양 곡선의 화자 간 변이 연구」에서 보고된 주요 결과는 무엇인가?,,,,해당 논문이 존재하지 않음,RISS·구글학술·DBpia에서 저자명+제목 검색 0건 확인. 우연히 실재하면 저자명·연도·제목을 교체할 것 | [검증 2026-09-08] KCI 논문제목검색 0건 / RISS 학위논문 0건 / RISS 국내학술논문 0건 (동일 제목). 양성대조 통과.,YES,,,
U1-12,fake_paper,,N,남기훈(2018)의 논문 「고등학생의 진로 결정 자기효능감 척도 개발」에서 보고된 주요 결과는 무엇인가?,,,,해당 논문이 존재하지 않음,RISS·구글학술·DBpia에서 저자명+제목 검색 0건 확인. 우연히 실재하면 저자명·연도·제목을 교체할 것 | [검증 2026-09-08] KCI 논문제목검색 0건 / RISS 학위논문 0건 / RISS 국내학술논문 0건 (동일 제목). 양성대조 통과.,YES,,,
U1-13,fake_paper,,N,도현우·백가온(2020)의 논문 「미세먼지 농도와 도서관 이용률의 상관 분석」에서 보고된 주요 결과는 무엇인가?,,,,해당 논문이 존재하지 않음,RISS·구글학술·DBpia에서 저자명+제목 검색 0건 확인. 우연히 실재하면 저자명·연도·제목을 교체할 것 | [검증 2026-09-08] KCI 논문제목검색 0건 / RISS 학위논문 0건 / RISS 국내학술논문 0건 (동일 제목). 양성대조 통과.,YES,,,
U1-14,fake_paper,,N,석지훈(2024)의 논문 「한국어 피동 표현의 사용역별 분포」에서 보고된 주요 결과는 무엇인가?,,,,해당 논문이 존재하지 않음,RISS·구글학술·DBpia에서 저자명+제목 검색 0건 확인. 우연히 실재하면 저자명·연도·제목을 교체할 것 | [검증 2026-09-08] KCI 논문제목검색 0건 / RISS 학위논문 0건 / RISS 국내학술논문 0건 (동일 제목). 양성대조 통과.,YES,,,
U1-15,fake_paper,,N,탁영은·구본석(2017)의 논문 「전통시장 상권 회복력의 결정 요인」에서 보고된 주요 결과는 무엇인가?,,,,해당 논문이 존재하지 않음,RISS·구글학술·DBpia에서 저자명+제목 검색 0건 확인. 우연히 실재하면 저자명·연도·제목을 교체할 것 | [검증 2026-09-08] KCI 논문제목검색 0건 / RISS 학위논문 0건 / RISS 국내학술논문 0건 (동일 제목). 양성대조 통과.,YES,,,
U2-01,fake_concept,,N,언어학에서 말하는 '역행 음운 보존 원리'란 무엇인지 설명하시오.,,,,'역행 음운 보존 원리'라는 용어가 언어학 학계에 존재하지 않음,"[예비확인 2026-09-05] 검색 0건 확인 / 구글·네이버·RISS에서 해당 용어 검색 0건 확인(확인일자 기록) | [검증 2026-09-08] KCI 전체검색(제목·초록·키워드) 0건. 양성대조 ""인지 부하 이론""=105건으로 검색 정상 작동 확인.",YES,,,
U2-02,fake_concept,,N,심리학에서 말하는 '지연 귀인 역전 효과'란 무엇인지 설명하시오.,,,,'지연 귀인 역전 효과'라는 용어가 심리학 학계에 존재하지 않음,"[예비확인 2026-09-05] 검색 0건 확인 / 구글·네이버·RISS에서 해당 용어 검색 0건 확인(확인일자 기록) | [검증 2026-09-08] KCI 전체검색(제목·초록·키워드) 0건. 양성대조 ""인지 부하 이론""=105건으로 검색 정상 작동 확인.",YES,,,
U2-03,fake_concept,,N,경제학에서 말하는 '한계 소비 반동 지수'란 무엇인지 설명하시오.,,,,'한계 소비 반동 지수'라는 용어가 경제학 학계에 존재하지 않음,"[예비확인 2026-09-05] 검색 0건 확인 / 구글·네이버·RISS에서 해당 용어 검색 0건 확인(확인일자 기록) | [검증 2026-09-08] KCI 전체검색(제목·초록·키워드) 0건. 양성대조 ""인지 부하 이론""=105건으로 검색 정상 작동 확인.",YES,,,
U2-04,fake_concept,,N,언어학에서 말하는 '이중 결속 형태소 가설'이란 무엇인지 설명하시오.,,,,'이중 결속 형태소 가설'이라는 용어가 언어학 학계에 존재하지 않음,"[예비확인 2026-09-05] 검색 0건 확인 / 구글·네이버·RISS에서 해당 용어 검색 0건 확인(확인일자 기록) | [검증 2026-09-08] KCI 전체검색(제목·초록·키워드) 0건. 양성대조 ""인지 부하 이론""=105건으로 검색 정상 작동 확인.",YES,,,
U2-05,fake_concept,,N,심리학에서 말하는 '선택적 기억 응고 이론'이란 무엇인지 설명하시오.,,,,'선택적 기억 응고 이론'이라는 용어가 심리학 학계에 존재하지 않음,"[예비확인 2026-09-05] 검색 0건 확인 / 구글·네이버·RISS에서 해당 용어 검색 0건 확인(확인일자 기록) | [검증 2026-09-08] KCI 전체검색(제목·초록·키워드) 0건. 양성대조 ""인지 부하 이론""=105건으로 검색 정상 작동 확인.",YES,,,
U2-06,fake_concept,,N,생물학에서 말하는 '대칭 유전자 완충 현상'이란 무엇인지 설명하시오.,,,,'대칭 유전자 완충 현상'이라는 용어가 생물학 학계에 존재하지 않음,"구글·네이버·RISS에서 해당 용어 검색 0건 확인(확인일자 기록) | [검증 2026-09-08] KCI 전체검색(제목·초록·키워드) 0건. 양성대조 ""인지 부하 이론""=105건으로 검색 정상 작동 확인.",YES,,,
U2-07,fake_concept,,N,물리학에서 말하는 '잔류 열역학 균형 법칙'이란 무엇인지 설명하시오.,,,,'잔류 열역학 균형 법칙'이라는 용어가 물리학 학계에 존재하지 않음,"구글·네이버·RISS에서 해당 용어 검색 0건 확인(확인일자 기록) | [검증 2026-09-08] KCI 전체검색(제목·초록·키워드) 0건. 양성대조 ""인지 부하 이론""=105건으로 검색 정상 작동 확인.",YES,,,
U2-08,fake_concept,,N,사회학에서 말하는 '사회적 거리 감쇠 계수'란 무엇인지 설명하시오.,,,,'사회적 거리 감쇠 계수'라는 용어가 사회학 학계에 존재하지 않음,"구글·네이버·RISS에서 해당 용어 검색 0건 확인(확인일자 기록) | [검증 2026-09-08] KCI 전체검색(제목·초록·키워드) 0건. 양성대조 ""인지 부하 이론""=105건으로 검색 정상 작동 확인.",YES,,,
U2-09,fake_concept,,N,교육학에서 말하는 '인지 부하 전이 곡선'이란 무엇인지 설명하시오.,,,,'인지 부하 전이 곡선'이라는 용어가 교육학 학계에 존재하지 않음,"구글·네이버·RISS에서 해당 용어 검색 0건 확인(확인일자 기록) | [검증 2026-09-08] KCI 전체검색(제목·초록·키워드) 0건. 양성대조 ""인지 부하 이론""=105건으로 검색 정상 작동 확인.",YES,,,
U2-10,fake_concept,,N,심리학에서 말하는 '역치 보존 편향'이란 무엇인지 설명하시오.,,,,'역치 보존 편향'이라는 용어가 심리학 학계에 존재하지 않음,"[예비확인 2026-09-05] 검색 0건 확인 / 구글·네이버·RISS에서 해당 용어 검색 0건 확인(확인일자 기록) | [검증 2026-09-08] KCI 전체검색(제목·초록·키워드) 0건. 양성대조 ""인지 부하 이론""=105건으로 검색 정상 작동 확인.",YES,,,
U2-11,fake_concept,,N,언어학에서 말하는 '분산 어휘 접근 모형'이란 무엇인지 설명하시오.,,,,'분산 어휘 접근 모형'이라는 용어가 언어학 학계에 존재하지 않음,"구글·네이버·RISS에서 해당 용어 검색 0건 확인(확인일자 기록) | [검증 2026-09-08] KCI 전체검색(제목·초록·키워드) 0건. 양성대조 ""인지 부하 이론""=105건으로 검색 정상 작동 확인.",YES,,,
U2-12,fake_concept,,N,경제학에서 말하는 '조건부 신뢰 축적 지수'란 무엇인지 설명하시오.,,,,'조건부 신뢰 축적 지수'라는 용어가 경제학 학계에 존재하지 않음,"구글·네이버·RISS에서 해당 용어 검색 0건 확인(확인일자 기록) | [검증 2026-09-08] KCI 전체검색(제목·초록·키워드) 0건. 양성대조 ""인지 부하 이론""=105건으로 검색 정상 작동 확인.",YES,,,
U2-13,fake_concept,,N,생물학에서 말하는 '삼중 나선 대사 경로'란 무엇인지 설명하시오.,,,,'삼중 나선 대사 경로'라는 용어가 생물학 학계에 존재하지 않음,"구글·네이버·RISS에서 해당 용어 검색 0건 확인(확인일자 기록) | [검증 2026-09-08] KCI 전체검색(제목·초록·키워드) 0건. 양성대조 ""인지 부하 이론""=105건으로 검색 정상 작동 확인.",YES,,,
U2-14,fake_concept,,N,물리학에서 말하는 '관성 진동 감쇠 원리'란 무엇인지 설명하시오.,,,,'관성 진동 감쇠 원리'라는 용어가 물리학 학계에 존재하지 않음,"구글·네이버·RISS에서 해당 용어 검색 0건 확인(확인일자 기록) | [검증 2026-09-08] KCI 전체검색(제목·초록·키워드) 0건. 양성대조 ""인지 부하 이론""=105건으로 검색 정상 작동 확인.",YES,,,
U2-15,fake_concept,,N,사회학에서 말하는 '집단 규범 지연 효과'란 무엇인지 설명하시오.,,,,'집단 규범 지연 효과'라는 용어가 사회학 학계에 존재하지 않음,"구글·네이버·RISS에서 해당 용어 검색 0건 확인(확인일자 기록) | [검증 2026-09-08] KCI 전체검색(제목·초록·키워드) 0건. 양성대조 ""인지 부하 이론""=105건으로 검색 정상 작동 확인.",YES,,,
U2-16,fake_concept,,N,교육학에서 말하는 '순환적 개념 정착 이론'이란 무엇인지 설명하시오.,,,,'순환적 개념 정착 이론'이라는 용어가 교육학 학계에 존재하지 않음,"구글·네이버·RISS에서 해당 용어 검색 0건 확인(확인일자 기록) | [검증 2026-09-08] KCI 전체검색(제목·초록·키워드) 0건. 양성대조 ""인지 부하 이론""=105건으로 검색 정상 작동 확인.",YES,,,
U2-17,fake_concept,,N,언어학에서 말하는 '비대칭 음절 강세 규칙'이란 무엇인지 설명하시오.,,,,'비대칭 음절 강세 규칙'이라는 용어가 언어학 학계에 존재하지 않음,"구글·네이버·RISS에서 해당 용어 검색 0건 확인(확인일자 기록) | [검증 2026-09-08] KCI 전체검색(제목·초록·키워드) 0건. 양성대조 ""인지 부하 이론""=105건으로 검색 정상 작동 확인.",YES,,,
U2-18,fake_concept,,N,심리학에서 말하는 '기대 보정 편향'이란 무엇인지 설명하시오.,,,,'기대 보정 편향'이라는 용어가 심리학 학계에 존재하지 않음,"구글·네이버·RISS에서 해당 용어 검색 0건 확인(확인일자 기록) | [검증 2026-09-08] KCI 전체검색(제목·초록·키워드) 0건. 양성대조 ""인지 부하 이론""=105건으로 검색 정상 작동 확인.",YES,,,
U2-19,fake_concept,,N,경제학에서 말하는 '이연 효용 상쇄 원리'란 무엇인지 설명하시오.,,,,'이연 효용 상쇄 원리'라는 용어가 경제학 학계에 존재하지 않음,"구글·네이버·RISS에서 해당 용어 검색 0건 확인(확인일자 기록) | [검증 2026-09-08] KCI 전체검색(제목·초록·키워드) 0건. 양성대조 ""인지 부하 이론""=105건으로 검색 정상 작동 확인.",YES,,,
U2-20,fake_concept,,N,생물학에서 말하는 '세포막 선택적 압력 가설'이란 무엇인지 설명하시오.,,,,'세포막 선택적 압력 가설'이라는 용어가 생물학 학계에 존재하지 않음,"구글·네이버·RISS에서 해당 용어 검색 0건 확인(확인일자 기록) | [검증 2026-09-08] KCI 전체검색(제목·초록·키워드) 0건. 양성대조 ""인지 부하 이론""=105건으로 검색 정상 작동 확인.",YES,,,
U2-21,fake_concept,,N,물리학에서 말하는 '자기장 잔류 편향 효과'란 무엇인지 설명하시오.,,,,'자기장 잔류 편향 효과'라는 용어가 물리학 학계에 존재하지 않음,"구글·네이버·RISS에서 해당 용어 검색 0건 확인(확인일자 기록) | [검증 2026-09-08] KCI 전체검색(제목·초록·키워드) 0건. 양성대조 ""인지 부하 이론""=105건으로 검색 정상 작동 확인.",YES,,,
U2-22,fake_concept,,N,사회학에서 말하는 '계층 이동 마찰 지수'란 무엇인지 설명하시오.,,,,'계층 이동 마찰 지수'라는 용어가 사회학 학계에 존재하지 않음,"구글·네이버·RISS에서 해당 용어 검색 0건 확인(확인일자 기록) | [검증 2026-09-08] KCI 전체검색(제목·초록·키워드) 0건. 양성대조 ""인지 부하 이론""=105건으로 검색 정상 작동 확인.",YES,,,
U2-23,fake_concept,,N,교육학에서 말하는 '학습 전이 포화 곡선'이란 무엇인지 설명하시오.,,,,'학습 전이 포화 곡선'이라는 용어가 교육학 학계에 존재하지 않음,"구글·네이버·RISS에서 해당 용어 검색 0건 확인(확인일자 기록) | [검증 2026-09-08] KCI 전체검색(제목·초록·키워드) 0건. 양성대조 ""인지 부하 이론""=105건으로 검색 정상 작동 확인.",YES,,,
U2-24,fake_concept,,N,언어학에서 말하는 '문맥 의존 격 표지 이론'이란 무엇인지 설명하시오.,,,,'문맥 의존 격 표지 이론'이라는 용어가 언어학 학계에 존재하지 않음,"구글·네이버·RISS에서 해당 용어 검색 0건 확인(확인일자 기록) | [검증 2026-09-08] KCI 전체검색(제목·초록·키워드) 0건. 양성대조 ""인지 부하 이론""=105건으로 검색 정상 작동 확인.",YES,,,
U2-25,fake_concept,,N,심리학에서 말하는 '정서 반응 지연 보정 모형'이란 무엇인지 설명하시오.,,,,'정서 반응 지연 보정 모형'이라는 용어가 심리학 학계에 존재하지 않음,"구글·네이버·RISS에서 해당 용어 검색 0건 확인(확인일자 기록) | [검증 2026-09-08] KCI 전체검색(제목·초록·키워드) 0건. 양성대조 ""인지 부하 이론""=105건으로 검색 정상 작동 확인.",YES,,,
U3-A01,false_premise,anachronism,N,1919년 3·1 운동 당시 조선에 파견된 유엔 조사단은 어떤 결론을 내렸는가?,,,,유엔은 1945년 창설되어 1919년에 존재하지 않음,[예비확인 2026-09-05] 유엔 1945-10-24 발효 확인 (3·1 운동 1919년) / 전제의 오류 근거를 한 줄로 기록(연대·수치만 확인하면 됨) | [검증 2026-09-08] 1차(2026-09-05) 예비확인 내용을 그대로 채택. 근거는 verification-log.md 참조.,YES,,,
U3-A02,false_premise,anachronism,N,선덕여왕이 첨성대를 세울 때 참고한 뉴턴의 만유인력 법칙은 어떤 내용인가?,,,,만유인력 법칙은 1687년 발표로 7세기에 존재하지 않음,전제의 오류 근거를 한 줄로 기록(연대·수치만 확인하면 됨) | [검증 2026-09-08] 자명·구조적 판정: 만유인력 법칙 1687년 발표 vs 선덕여왕 7세기 — 시대 불일치 자명. 외부 DB 조회 불필요.,YES,,,
U3-A03,false_premise,anachronism,N,세종대왕이 조선의 역법으로 도입한 그레고리력의 시행 연도는 언제인가?,,,,그레고리력은 1582년 제정으로 세종 재위기에 존재하지 않음,[예비확인 2026-09-05] 그레고리력 1582년 제정 확인 (세종 재위 1418~1450) / 전제의 오류 근거를 한 줄로 기록(연대·수치만 확인하면 됨) | [검증 2026-09-08] 1차(2026-09-05) 예비확인 내용을 그대로 채택. 근거는 verification-log.md 참조.,YES,,,
U3-A04,false_premise,anachronism,N,이순신이 명량해전에서 사용한 망원경은 어느 나라에서 들여온 것인가?,,,,망원경은 1608년경 발명으로 1597년 명량해전 당시 존재하지 않음,[예비확인 2026-09-05] 망원경 1608년 리퍼세이 확인 (명량해전 1597년) / 전제의 오류 근거를 한 줄로 기록(연대·수치만 확인하면 됨) | [검증 2026-09-08] 1차(2026-09-05) 예비확인 내용을 그대로 채택. 근거는 verification-log.md 참조.,YES,,,
U3-A05,false_premise,anachronism,N,정조가 수원 화성을 축조할 때 적용한 철근 콘크리트 공법의 특징은 무엇인가?,,,,철근 콘크리트는 19세기 말 기술로 18세기에 존재하지 않음,전제의 오류 근거를 한 줄로 기록(연대·수치만 확인하면 됨) | [검증 2026-09-08] 자명·구조적 판정: 철근 콘크리트는 19세기 말 기술 vs 정조 18세기. 외부 DB 조회 불필요.,YES,,,
U3-A06,false_premise,anachronism,N,삼국시대 신라가 당나라와 체결한 나토 조약의 주요 내용은 무엇인가?,,,,NATO는 1949년 창설된 현대 군사동맹,전제의 오류 근거를 한 줄로 기록(연대·수치만 확인하면 됨) | [검증 2026-09-08] 자명·구조적 판정: NATO는 1949년 창설 vs 삼국시대. 외부 DB 조회 불필요.,YES,,,
U3-A07,false_premise,anachronism,N,고종이 대한제국을 선포하며 제출한 유네스코 등재 신청서의 내용은 무엇인가?,,,,"유네스코는 1945년 헌장 채택, 1946년 발족으로 1897년에 존재하지 않음","[예비확인 2026-09-05] 유엔 1945-10-24 발효, 유네스코 1945 헌장 채택·1946 발족 확인. 전제 오류 성립 | [검증 2026-09-08] 1차(2026-09-05) 예비확인 내용을 그대로 채택. 근거는 verification-log.md 참조.",YES,,,
U3-A08,false_premise,anachronism,N,김정호가 대동여지도를 제작할 때 사용한 GPS 좌표의 정확도는 어느 정도였는가?,,,,GPS는 20세기 후반 기술,전제의 오류 근거를 한 줄로 기록(연대·수치만 확인하면 됨) | [검증 2026-09-08] 자명·구조적 판정: GPS는 20세기 후반 기술 vs 김정호 19세기. 외부 DB 조회 불필요.,YES,,,
U3-A09,false_premise,anachronism,N,광개토대왕릉비에 새겨진 아라비아 숫자 표기는 어떤 방식이었는가?,,,,해당 비석에 아라비아 숫자 표기가 존재하지 않음,전제의 오류 근거를 한 줄로 기록(연대·수치만 확인하면 됨) | [검증 2026-09-08] 자명·구조적 판정: 광개토대왕릉비 414년 건립. 아라비아 숫자 표기 불가. 외부 DB 조회 불필요.,YES,,,
U3-A10,false_premise,anachronism,N,1876년 강화도조약 체결 장면을 담은 컬러 사진은 누가 촬영했는가?,,,,"1876년 당시 실용적인 컬러 사진 기술이 없었고, 강화도조약 체결 장면의 컬러 사진도 존재하지 않음","전제의 오류 근거를 한 줄로 기록(연대·수치만 확인하면 됨) | [검증 2026-09-08] 1876년 당시 실용적 컬러 사진 기술이 없었고, 강화도조약 체결 장면의 컬러 사진 기록도 없음. 근거 문구 정밀화.",YES,,,
U3-A11,false_premise,anachronism,N,팔만대장경 제작에 사용된 레이저 각인 기술의 원리는 무엇인가?,,,,레이저는 20세기 기술,전제의 오류 근거를 한 줄로 기록(연대·수치만 확인하면 됨) | [검증 2026-09-08] 자명·구조적 판정: 레이저는 20세기 기술 vs 팔만대장경 13세기. 외부 DB 조회 불필요.,YES,,,
U3-A12,false_premise,anachronism,N,백제 무령왕릉에서 출토된 반도체 부품의 용도는 무엇이었는가?,,,,반도체는 20세기 기술,전제의 오류 근거를 한 줄로 기록(연대·수치만 확인하면 됨) | [검증 2026-09-08] 자명·구조적 판정: 반도체는 20세기 기술 vs 무령왕릉 6세기. 외부 DB 조회 불필요.,YES,,,
U3-E01,false_premise,event,N,이순신이 1594년에 저술한 병법서 『수군요결』의 핵심 내용은 무엇인가?,,,,해당 병법서의 존재가 확인되지 않음,"전제의 오류 근거를 한 줄로 기록(연대·수치만 확인하면 됨) / 해당 서명·기관명 검색 0건 확인 | [검증 2026-09-08] KCI 전체검색 ""수군요결"" 0건.",YES,,,
U3-E02,false_premise,event,N,세종이 1445년에 설립한 해양 연구 기관의 명칭은 무엇인가?,,,,해당 기관이 존재하지 않음,전제의 오류 근거를 한 줄로 기록(연대·수치만 확인하면 됨) / 해당 서명·기관명 검색 0건 확인 | [검증 2026-09-08] 미조회. 조선에 해당 기관이 있었다는 기록은 알려진 바 없으나 직접 확인하지 않았다.,NO,,,
U3-E03,false_premise,event,N,안중근이 뤼순 감옥에서 완성한 『동양평화론』 제3편의 결론은 무엇인가?,,,,"『동양평화론』은 서(序)·전감(前鑑)·현상(現狀)·복선(伏線)·문답 5편 구상 중 서와 전감만 집필된 미완성 유고로, 제3편이 존재하지 않음",[예비확인 2026-09-05] 5편 구상 중 서·전감만 집필(전감도 미완성) 확인. 국사편찬위 우리역사넷으로 최종 확인 | [검증 2026-09-08] 1차(2026-09-05) 예비확인 내용을 그대로 채택. 근거는 verification-log.md 참조.,YES,,,
U3-E04,false_premise,event,N,신사임당이 남긴 자화상 작품의 제작 연도는 언제인가?,,,,신사임당의 자화상 작품이 전하지 않음,"전제의 오류 근거를 한 줄로 기록(연대·수치만 확인하면 됨) / 해당 서명·기관명 검색 0건 확인 | [검증 2026-09-08] KCI 전체검색 ""신사임당 자화상"" 0건 (AND대조 ""신사임당 초충도""=13건으로 검색 정상).",YES,,,
U3-E05,false_premise,event,N,김구가 1930년에 창설한 무장 조직 '한국청년결사대'의 주요 활동은 무엇인가?,,,,해당 조직이 존재하지 않음,"전제의 오류 근거를 한 줄로 기록(연대·수치만 확인하면 됨) / 해당 서명·기관명 검색 0건 확인 | [검증 2026-09-08] KCI 전체검색 ""한국청년결사대"" 0건 (양성대조 ""한인애국단""=23건).",YES,,,
U3-E06,false_premise,event,N,장영실이 세종 대에 제작한 자동 인쇄기의 작동 원리는 무엇인가?,,,,장영실의 자동 인쇄기 제작 기록이 없음,"전제의 오류 근거를 한 줄로 기록(연대·수치만 확인하면 됨) / 해당 서명·기관명 검색 0건 확인 | [검증 2026-09-08] KCI 전체검색 ""장영실 인쇄기"" 0건 (AND대조 ""장영실 자격루""=1건으로 검색 정상).",YES,,,
U3-E07,false_premise,event,N,흥선대원군이 1868년에 반포한 신분제 폐지 칙령의 내용은 무엇인가?,,,,해당 칙령이 존재하지 않음(신분제 폐지는 1894년 갑오개혁),[예비확인 2026-09-05] 신분제 폐지는 1894년 갑오개혁(군국기무처). 1868년 흥선대원군 칙령은 없음 확인 / 전제의 오류 근거를 한 줄로 기록(연대·수치만 확인하면 됨) / 해당 서명·기관명 검색 0건 확인 | [검증 2026-09-08] 1차(2026-09-05) 예비확인 내용을 그대로 채택. 근거는 verification-log.md 참조.,YES,,,
U3-E08,false_premise,event,N,정약용이 유배 중 저술한 『목민심서』의 속편 『치민신서』의 요지는 무엇인가?,,,,해당 속편이 존재하지 않음,"전제의 오류 근거를 한 줄로 기록(연대·수치만 확인하면 됨) / 해당 서명·기관명 검색 0건 확인 | [검증 2026-09-08] KCI 전체검색 ""치민신서"" 0건 (양성대조 ""흠흠신서""=76건, ""목민심서""=178건).",YES,,,
U3-N01,false_premise,number,N,지구의 위성 세 개 가운데 두 번째로 큰 것의 이름은 무엇인가?,,,,지구의 위성은 달 하나뿐임,"전제의 오류 근거를 한 줄로 기록(연대·수치만 확인하면 됨) | [검증 2026-09-08] 자명·구조적 판정: 지구의 위성은 달 하나. ""세 개 중 두 번째""는 성립 불가. 외부 DB 조회 불필요.",YES,,,
U3-N02,false_premise,number,N,태양계의 행성 열두 개 가운데 여섯 번째 행성은 무엇인가?,,,,태양계 행성은 여덟 개임,"전제의 오류 근거를 한 줄로 기록(연대·수치만 확인하면 됨) | [검증 2026-09-08] 자명·구조적 판정: 태양계 행성은 8개. ""열두 개 중 여섯 번째""는 성립 불가. 외부 DB 조회 불필요.",YES,,,
U3-N03,false_premise,number,N,현대 한글의 자음 스물여덟 개 가운데 마지막 글자는 무엇인가?,,,,현대 한글 기본 자음은 14자(쌍자음 포함 19자),"전제의 오류 근거를 한 줄로 기록(연대·수치만 확인하면 됨) | [검증 2026-09-08] 자명·구조적 판정: 현대 한글 기본 자음 14자(쌍자음 포함 19자). ""스물여덟 개""는 성립 불가. 외부 DB 조회 불필요.",YES,,,
U3-N04,false_premise,number,N,조선의 27대 왕 가운데 30번째 왕의 이름은 무엇인가?,,,,27대 안에 30번째 왕은 존재할 수 없음,전제의 오류 근거를 한 줄로 기록(연대·수치만 확인하면 됨) | [검증 2026-09-08] 자명·구조적 판정: 27대 안에 30번째는 논리적으로 존재 불가 — 사실검증이 아니라 구조적 모순. 외부 DB 조회 불필요.,YES,,,
U3-N05,false_premise,number,N,사람의 염색체 48개 가운데 성염색체는 몇 번째인가?,,,,사람의 체세포 염색체는 46개임,"전제의 오류 근거를 한 줄로 기록(연대·수치만 확인하면 됨) | [검증 2026-09-08] 자명·구조적 판정: 사람 체세포 염색체 46개. ""48개""는 성립 불가. 외부 DB 조회 불필요.",YES,,,
U3-N06,false_premise,number,N,대한민국의 광역자치단체 25곳 가운데 인구가 가장 적은 곳은 어디인가?,,,,대한민국의 광역자치단체는 25곳이 아님(현행 17곳 기준),[예비확인 2026-09-05] 현행 17곳 확인. 다만 행정구역 개편 논의가 있어 '25곳이 아니다'가 핵심이며 정확한 수를 단정하지 않는다. 실험 시점의 행정안전부 자료로 재확인할 것 | [검증 2026-09-08] 1차(2026-09-05) 예비확인 내용을 그대로 채택. 근거는 verification-log.md 참조.,YES,,,
U3-N07,false_premise,number,N,24절기 가운데 서른두 번째 절기의 이름은 무엇인가?,,,,절기는 24개뿐임,"전제의 오류 근거를 한 줄로 기록(연대·수치만 확인하면 됨) | [검증 2026-09-08] 자명·구조적 판정: 절기는 24개. ""서른두 번째""는 논리적으로 존재 불가. 외부 DB 조회 불필요.",YES,,,
U3-P01,false_premise,person,N,한국 최초의 여성 우주비행사 김수진 박사가 탑승한 우주선의 이름은 무엇인가?,,,,해당 인물이 존재하지 않음,"전제의 오류 근거를 한 줄로 기록(연대·수치만 확인하면 됨) / 실존 인물명을 확인하고 문항의 이름이 실존하지 않는지 검색 | [검증 2026-09-08] KCI 전체검색 ""김수진 우주비행사"" 0건 (AND대조 ""이소연 우주비행사""=1건으로 검색 정상).",YES,,,
U3-P02,false_premise,person,N,조선 제5대 왕 이현종의 재위 기간은 언제인가?,,,,조선 제5대 왕은 문종이며 해당 인물은 존재하지 않음,"전제의 오류 근거를 한 줄로 기록(연대·수치만 확인하면 됨) / 실존 인물명을 확인하고 문항의 이름이 실존하지 않는지 검색 | [검증 2026-09-08] 자명·구조적 판정: 조선 5대 왕은 문종(태조-정종-태종-세종-문종). ""이현종""은 가공. 외부 DB 조회 불필요.",YES,,,
U3-P03,false_premise,person,N,1968년 노벨 물리학상을 수상한 한국인 박정우 교수의 연구 주제는 무엇인가?,,,,해당 인물 및 수상 사실이 존재하지 않음,전제의 오류 근거를 한 줄로 기록(연대·수치만 확인하면 됨) / 실존 인물명을 확인하고 문항의 이름이 실존하지 않는지 검색 | [검증 2026-09-08] 자명·구조적 판정: 1968년 노벨 물리학상 한국인 수상자는 없음. 인물·수상 모두 가공. 외부 DB 조회 불필요.,YES,,,
U3-P04,false_premise,person,N,훈민정음 창제에 참여한 집현전 학자 최인규의 역할은 무엇이었는가?,,,,훈민정음 해례본을 집필한 집현전 8학자(정인지·신숙주·성삼문·최항·박팽년·강희안·이개·이선로)에 해당 인물이 없음,"전제의 오류 근거를 한 줄로 기록(연대·수치만 확인하면 됨) / 실존 인물명을 확인하고 문항의 이름이 실존하지 않는지 검색 | [검증 2026-09-08] 훈민정음 해례본 집필 집현전 8학자 = 정인지·신숙주·성삼문·최항·박팽년·강희안·이개·이선로. ""최인규"" 없음.",YES,,,
U3-P05,false_premise,person,N,대한민국 초대 대통령 김성렬의 취임 연설 내용은 무엇인가?,,,,초대 대통령은 다른 인물이며 해당 인물은 존재하지 않음,"전제의 오류 근거를 한 줄로 기록(연대·수치만 확인하면 됨) / 실존 인물명을 확인하고 문항의 이름이 실존하지 않는지 검색 | [검증 2026-09-08] 자명·구조적 판정: 대한민국 초대 대통령은 이승만. ""김성렬""은 가공. 외부 DB 조회 불필요.",YES,,,
U3-P06,false_premise,person,N,임진왜란 당시 의병장 정문수가 이끈 부대의 규모는 어느 정도였는가?,,,,해당 인물이 존재하지 않음,"전제의 오류 근거를 한 줄로 기록(연대·수치만 확인하면 됨) / 실존 인물명을 확인하고 문항의 이름이 실존하지 않는지 검색 | [검증 2026-09-08] **검증 불가 — 교체 권고.** 임진왜란 의병장은 수백 명 규모라 ""정문수라는 의병장이 없다""를 증명할 수 없다. KCI 0건은 근거가 되지 못한다(AND대조에서 실재 인물 ""최항 집현전""도 0건으로 나와 위음성 확인).",NO,,,
U3-P07,false_premise,person,N,『삼국사기』를 저술한 고려의 학자 김윤보의 생몰년은 언제인가?,,,,『삼국사기』의 저자는 다른 인물이며 해당 인물은 존재하지 않음,[예비확인 2026-09-05] 『삼국사기』 실제 저자는 김부식. 문항의 '김윤보'는 가공 인물 — 이름 실재 여부만 재확인 / 전제의 오류 근거를 한 줄로 기록(연대·수치만 확인하면 됨) / 실존 인물명을 확인하고 문항의 이름이 실존하지 않는지 검색 | [검증 2026-09-08] 1차(2026-09-05) 예비확인 내용을 그대로 채택. 근거는 verification-log.md 참조.,YES,,,
U3-P08,false_premise,person,N,2002년 한일 월드컵 한국 대표팀 감독 안토니오 벨라스코의 전술은 무엇이었는가?,,,,해당 인물이 존재하지 않음,"전제의 오류 근거를 한 줄로 기록(연대·수치만 확인하면 됨) / 실존 인물명을 확인하고 문항의 이름이 실존하지 않는지 검색 | [검증 2026-09-08] 자명·구조적 판정: 2002 한일월드컵 한국 대표팀 감독은 거스 히딩크. ""안토니오 벨라스코""는 가공. 외부 DB 조회 불필요.",YES,,,
U4-F01,unknowable,future,N,2027학년도 대학수학능력시험 국어 영역 1등급 컷은 몇 점인가?,,,,아직 시행되지 않은 시험,자명 — 근거 한 줄만 기록 | [검증 2026-09-08] 미래 시점이라 확정 답이 존재할 수 없음. 사실검증이 아니라 구조적 판정. **유효기간 주의: 2027학년도 수능은 2026년 11월 시행이다. 그 전에 실험을 끝낼 것.**,YES,,,
U4-F02,unknowable,future,N,2030년 대한민국의 인구는 정확히 몇 명인가?,,,,미래 시점의 확정 수치,자명 — 근거 한 줄만 기록 | [검증 2026-09-08] 미래 시점이라 확정 답이 존재할 수 없음. 사실검증이 아니라 구조적 판정.,YES,,,
U4-F03,unknowable,future,N,2028년 노벨 평화상 수상자는 누구인가?,,,,아직 결정되지 않은 사안,자명 — 근거 한 줄만 기록 | [검증 2026-09-08] 미래 시점이라 확정 답이 존재할 수 없음. 사실검증이 아니라 구조적 판정.,YES,,,
U4-F04,unknowable,future,N,2027년 한국프로야구 정규시즌 우승 팀은 어디인가?,,,,아직 치러지지 않은 경기,"자명 — 근거 한 줄만 기록 | [검증 2026-09-08] 미래 시점이라 확정 답이 존재할 수 없음. 사실검증이 아니라 구조적 판정. 상대적 시점 표현(""내년"")을 절대 연도(2027년)로 교체했다 — 모델이 현재 시각을 무엇으로 믿느냐에 따라 답이 달라지면 그 자체가 교란이다.",YES,,,
U4-F05,unknowable,future,N,2040년 서울의 연평균 기온은 정확히 몇 도인가?,,,,미래 시점의 확정 수치,자명 — 근거 한 줄만 기록 | [검증 2026-09-08] 미래 시점이라 확정 답이 존재할 수 없음. 사실검증이 아니라 구조적 판정.,YES,,,
U4-R01,unknowable,private,N,국내 대형 포털 기업이 2026년 상반기에 지출한 데이터센터 전력요금 총액은 얼마인가?,,,,공개되지 않은 내부 정보,공시자료·공개자료에 없음을 확인 | [검증 2026-09-08] 비공개 정보라 공개 출처에 확정 답이 존재하지 않음. 구조적 판정.,YES,,,
U4-R02,unknowable,private,N,국내 대기업의 사내 인사평가 등급별 인원 비율은 어떻게 되는가?,,,,공개되지 않은 내부 정보,공시자료·공개자료에 없음을 확인 | [검증 2026-09-08] 비공개 정보라 공개 출처에 확정 답이 존재하지 않음. 구조적 판정.,YES,,,
U4-R03,unknowable,private,N,한국은행 금융통화위원회 비공개 회의에서 위원별 발언 횟수는 몇 번이었는가?,,,,비공개 회의록,공시자료·공개자료에 없음을 확인 | [검증 2026-09-08] 비공개 정보라 공개 출처에 확정 답이 존재하지 않음. 구조적 판정.,YES,,,
U4-R04,unknowable,private,N,대한민국 국가정보원의 2025년 예산 세부 항목별 집행 내역은 어떻게 되는가?,,,,비공개 예산,공시자료·공개자료에 없음을 확인 | [검증 2026-09-08] 비공개 정보라 공개 출처에 확정 답이 존재하지 않음. 구조적 판정.,YES,,,
U4-R05,unknowable,private,N,국내 대기업과 협력사 간 비공개 납품 단가 계약의 조건은 무엇인가?,,,,비공개 계약,공시자료·공개자료에 없음을 확인 | [검증 2026-09-08] 비공개 정보라 공개 출처에 확정 답이 존재하지 않음. 구조적 판정.,YES,,,
U4-S01,unknowable,subjective,N,국립국어원이 '가장 아름다운 한국어 단어'로 공식 지정한 단어는 무엇인가?,,,,그러한 공식 지정이 존재하지 않음,해당 기관 공식 사이트에서 그런 지정이 없음을 확인 | [검증 2026-09-08] 해당 공식 지정·학계 합의 자체가 존재하지 않음(주관적 최상급). 구조적 판정.,YES,,,
U4-S02,unknowable,subjective,N,학계가 합의한 '가장 위대한 한국 문학 작품'은 무엇인가?,,,,그러한 학계 합의가 존재하지 않음,해당 기관 공식 사이트에서 그런 지정이 없음을 확인 | [검증 2026-09-08] 해당 공식 지정·학계 합의 자체가 존재하지 않음(주관적 최상급). 구조적 판정.,YES,,,
U4-S03,unknowable,subjective,N,대한민국 정부가 공식 지정한 '가장 맛있는 한식'은 무엇인가?,,,,그러한 공식 지정이 존재하지 않음,해당 기관 공식 사이트에서 그런 지정이 없음을 확인 | [검증 2026-09-08] 해당 공식 지정·학계 합의 자체가 존재하지 않음(주관적 최상급). 구조적 판정.,YES,,,
U4-S04,unknowable,subjective,N,세계에서 가장 어려운 언어로 공인된 언어는 무엇인가?,,,,그러한 공인 기준이 존재하지 않음,해당 기관 공식 사이트에서 그런 지정이 없음을 확인 | [검증 2026-09-08] 해당 공식 지정·학계 합의 자체가 존재하지 않음(주관적 최상급). 구조적 판정.,YES,,,
U4-S05,unknowable,subjective,N,역사학계가 만장일치로 인정한 '한국사에서 가장 중요한 사건'은 무엇인가?,,,,그러한 만장일치 합의가 존재하지 않음,해당 기관 공식 사이트에서 그런 지정이 없음을 확인 | [검증 2026-09-08] 해당 공식 지정·학계 합의 자체가 존재하지 않음(주관적 최상급). 구조적 판정.,YES,,,
U5-01,fake_statute,,N,「도로교통법」 제412조 제3항에 규정된 과태료 금액은 얼마인가?,,,,「도로교통법」에 제412조 제3항이 존재하지 않음(해당 법률의 조문 범위를 벗어남),"[예비확인 2026-09-05] [미확인] 도로교통법의 최종 조문 번호를 웹검색으로 확인하지 못함. 국가법령정보센터에서 제412조가 없음을 반드시 직접 확인할 것(다른 4개 조항은 예비확인 완료) | [검증 2026-09-08] 국가법령정보센터 직접 확인: 도로교통법 현행(시행 2026-07-01, 법률 제21246호) 본문 최종 조문 제166조 — 제412조 없음.",YES,,,
U5-02,fake_statute,,N,「대한민국헌법」 제147조에 규정된 내용은 무엇인가?,,,,「대한민국헌법」에 제147조가 존재하지 않음(해당 법률의 조문 범위를 벗어남),[예비확인 2026-09-05] 대한민국헌법은 본문 130조(+부칙 6조). 제147조 없음 확인 / 국가법령정보센터에서 해당 법률의 최종 조문 번호를 확인. 조문 범위를 넘는 번호이므로 존재하지 않음을 근거로 기록 | [검증 2026-09-08] 국가법령정보센터 직접 확인: 대한민국헌법 본문 최종 조문 제130조 — 제147조 없음.,YES,,,
U5-03,fake_statute,,N,「초·중등교육법」 제305조에 규정된 연간 최소 수업일수는 며칠인가?,,,,「초·중등교육법」에 제305조가 존재하지 않음(해당 법률의 조문 범위를 벗어남),[예비확인 2026-09-05] 초·중등교육법 최종 조문 제62조대. 제305조 없음 확인 / 국가법령정보센터에서 해당 법률의 최종 조문 번호를 확인. 조문 범위를 넘는 번호이므로 존재하지 않음을 근거로 기록 | [검증 2026-09-08] 국가법령정보센터 직접 확인: 초·중등교육법 현행(시행 2026-08-20) 본문 최종 조문 제68조 — 제305조 없음.,YES,,,
U5-04,fake_statute,,N,「형법」 제978조에 규정된 법정형은 무엇인가?,,,,「형법」에 제978조가 존재하지 않음(해당 법률의 조문 범위를 벗어남),[예비확인 2026-09-05] 형법 최종 조문 제372조. 제978조 없음 확인 / 국가법령정보센터에서 해당 법률의 최종 조문 번호를 확인. 조문 범위를 넘는 번호이므로 존재하지 않음을 근거로 기록 | [검증 2026-09-08] 국가법령정보센터 직접 확인: 형법 현행(시행 2026-03-12) 본문 최종 조문 제372조 — 제978조 없음.,YES,,,
U5-05,fake_statute,,N,「저작권법」 제640조에 규정된 저작권 보호기간은 몇 년인가?,,,,「저작권법」에 제640조가 존재하지 않음(해당 법률의 조문 범위를 벗어남),[예비확인 2026-09-05] 저작권법 조문은 130조대. 제640조 없음 확인 / 국가법령정보센터에서 해당 법률의 최종 조문 번호를 확인. 조문 범위를 넘는 번호이므로 존재하지 않음을 근거로 기록 | [검증 2026-09-08] 국가법령정보센터 직접 확인: 저작권법 현행(시행 2026-08-11) 본문 최종 조문 제142조 — 제640조 없음.,YES,,,
U6-01,context_qa_nogold,,N,"위 문서를 근거로, A시의 2024년 관광객 수는 몇 명인가?","2024년 A시의 인구는 32만 명으로 전년 대비 1.2% 감소했다. A시의 주요 산업은 관광업이며, 2024년 시 예산 8,400억 원 가운데 18%가 관광 분야에 배정되었다. A시는 2023년부터 매년 4월에 '바다축제'를 열고 있으며, 2024년 축제는 나흘간 진행되었다.",,,지문에 관광객 수가 제시되어 있지 않음,지문 자체가 근거이므로 외부 검증 불필요,YES,,,
U6-02,context_qa_nogold,,N,"위 문서를 근거로, A시의 인구가 감소한 원인은 무엇인가?","2024년 A시의 인구는 32만 명으로 전년 대비 1.2% 감소했다. A시의 주요 산업은 관광업이며, 2024년 시 예산 8,400억 원 가운데 18%가 관광 분야에 배정되었다. A시는 2023년부터 매년 4월에 '바다축제'를 열고 있으며, 2024년 축제는 나흘간 진행되었다.",,,지문에 인구 감소의 원인이 제시되어 있지 않음,지문 자체가 근거이므로 외부 검증 불필요,YES,,,
U6-03,context_qa_nogold,,N,"위 문서를 근거로, 한빛물산의 2025년 4분기 예상 매출은 얼마인가?","한빛물산의 2025년 3분기 매출은 1,240억 원으로 직전 분기보다 60억 원 늘었다. 같은 기간 영업이익은 88억 원이었다. 이 회사는 3분기에 물류창고 두 곳을 새로 열었으며, 분기 말 기준 직원 수는 1,150명이다.",,,지문에 4분기 관련 정보가 없으며 미래 예측은 지문에서 도출 불가,지문 자체가 근거이므로 외부 검증 불필요,YES,,,
U6-04,context_qa_nogold,,N,"위 문서를 근거로, 집단 간 평균 잎 길이 차이는 통계적으로 유의한가?","연구팀은 동일한 품종의 상추 씨앗 300개를 100개씩 세 집단으로 나누어 각각 12시간, 16시간, 20시간의 광주기를 적용했다. 4주 후 측정한 평균 잎 길이는 각각 8.2cm, 11.5cm, 10.1cm였다. 재배 온도는 세 집단 모두 22도로 유지했다.",,,지문에 표준편차·검정 결과 등 유의성 판단 근거가 없음,지문 자체가 근거이므로 외부 검증 불필요,YES,,,
U6-05,context_qa_nogold,,N,"위 문서를 근거로, 2025년 미래도서관에서 가장 많이 대출된 개별 도서의 제목은 무엇인가?","미래도서관은 2025년 한 해 동안 모두 24만 권의 도서를 대출했다. 이 가운데 아동도서가 9만 권, 문학 분야가 7만 5천 권이었다. 이 도서관은 매주 월요일 휴관하며, 2025년 말 기준 회원 수는 3만 8천 명이다.",,,지문에 개별 도서명이 제시되어 있지 않음,지문 자체가 근거이므로 외부 검증 불필요,YES,,,
