question_id,question_type,question_subtype,answerable,question,context,ground_truth,acceptable_answers,why_unanswerable,verify_action,verified,doc_a,doc_b,evidence_doc,evidence_char_offset,evidence_para,b_type
B01-01,context_qa,,Y,A시 광역버스 준공영제의 2021년 표준운송원가 고시액은 1대당 하루 얼마인가?,,58만 4천 원,584000|58만4천원|58만 4천원,,"허구 지문 — 외부 검증 불필요, 내적 일관성만 확인",YES,"A시는 2021년부터 광역버스 준공영제를 시행하고 있다. 시가 노선권을 관리하고 운송 수입을 통합 관리하며, 운송 원가에서 수입을 뺀 차액을 재정으로 보전하는 방식이다. 대상은 A시 면허 광역버스 전 노선이다. 시는 도입 근거로 노선 폐지에 따른 교통 소외지역 발생을 들었다.

제도 도입 첫해 참여 운수업체는 7개사였고, 대상 노선은 34개, 인가 대수는 412대였다. 시는 표준운송원가를 매년 고시하며, 2021년 고시액은 1대당 하루 58만 4천 원이었다. 인가 대수에는 예비차 38대가 포함된다. 표준운송원가는 인건비, 연료비, 정비비, 적정 이윤으로 구성된다.

준공영제 참여 업체는 회계 자료를 시에 분기별로 제출해야 한다. 미제출 시 해당 분기 보전금 지급이 유예된다. A시는 2022년부터 외부 회계법인의 표본 검증을 도입했다. 검증 대상은 전체 업체의 3분의 1을 매년 순환 선정한다. 검증 결과는 시 누리집에 공개한다.","A시 교통정책연구원은 준공영제 시행 3년차 평가 보고서를 발간했다. 보고서는 정시성과 이용자 만족도를 중심으로 성과를 정리하고 재정 부담 증가를 주요 과제로 지적했다. 평가는 시행 첫해부터 3년차까지의 운행 기록과 이용자 설문 3,200부를 근거로 삼았다.

평가 기간 광역버스 정시율은 시행 전 71.3%에서 84.6%로 올랐다. 이용자 만족도는 5점 척도에서 3.2점에서 3.9점으로 상승했다. 반면 연간 재정 보전액은 도입 첫해 대비 2.4배로 늘었다. 정시율은 정류장 도착 예정 시각 기준 5분 이내 도착 비율로 정의했다. 만족도 조사는 매년 9월에 실시했다.

보고서는 노선 조정 권한이 시에 있으나 실제 조정 실적은 저조하다고 지적했다. 시행 3년간 폐지된 노선은 2개, 신설된 노선은 5개에 그쳤다. 보고서는 노선 조정이 지연되는 이유로 업체 간 수익 노선 배분 협의가 길어지는 점을 들었다.",1,228,2,answerable_doc1
B01-02,context_qa,,Y,A시 광역버스의 정시율은 준공영제 시행 전과 비교해 몇 퍼센트포인트 올랐는가?,,13.3%p (71.3%에서 84.6%로),13.3|13.3%p|71.3에서 84.6,,"허구 지문 — 외부 검증 불필요, 내적 일관성만 확인",YES,"A시는 2021년부터 광역버스 준공영제를 시행하고 있다. 시가 노선권을 관리하고 운송 수입을 통합 관리하며, 운송 원가에서 수입을 뺀 차액을 재정으로 보전하는 방식이다. 대상은 A시 면허 광역버스 전 노선이다. 시는 도입 근거로 노선 폐지에 따른 교통 소외지역 발생을 들었다.

제도 도입 첫해 참여 운수업체는 7개사였고, 대상 노선은 34개, 인가 대수는 412대였다. 시는 표준운송원가를 매년 고시하며, 2021년 고시액은 1대당 하루 58만 4천 원이었다. 인가 대수에는 예비차 38대가 포함된다. 표준운송원가는 인건비, 연료비, 정비비, 적정 이윤으로 구성된다.

준공영제 참여 업체는 회계 자료를 시에 분기별로 제출해야 한다. 미제출 시 해당 분기 보전금 지급이 유예된다. A시는 2022년부터 외부 회계법인의 표본 검증을 도입했다. 검증 대상은 전체 업체의 3분의 1을 매년 순환 선정한다. 검증 결과는 시 누리집에 공개한다.","A시 교통정책연구원은 준공영제 시행 3년차 평가 보고서를 발간했다. 보고서는 정시성과 이용자 만족도를 중심으로 성과를 정리하고 재정 부담 증가를 주요 과제로 지적했다. 평가는 시행 첫해부터 3년차까지의 운행 기록과 이용자 설문 3,200부를 근거로 삼았다.

평가 기간 광역버스 정시율은 시행 전 71.3%에서 84.6%로 올랐다. 이용자 만족도는 5점 척도에서 3.2점에서 3.9점으로 상승했다. 반면 연간 재정 보전액은 도입 첫해 대비 2.4배로 늘었다. 정시율은 정류장 도착 예정 시각 기준 5분 이내 도착 비율로 정의했다. 만족도 조사는 매년 9월에 실시했다.

보고서는 노선 조정 권한이 시에 있으나 실제 조정 실적은 저조하다고 지적했다. 시행 3년간 폐지된 노선은 2개, 신설된 노선은 5개에 그쳤다. 보고서는 노선 조정이 지연되는 이유로 업체 간 수익 노선 배분 협의가 길어지는 점을 들었다.",2,156,2,answerable_doc2
B01-03,context_qa_nogold,,N,A시 준공영제에 참여한 운수업체의 2023년 평균 영업이익률은 얼마인가?,,,,자료는 참여 업체 수와 재정 보전액 증가는 다루지만 업체별 영업이익률은 제시하지 않는다.,"허구 지문 — 외부 검증 불필요, 내적 일관성만 확인",YES,"A시는 2021년부터 광역버스 준공영제를 시행하고 있다. 시가 노선권을 관리하고 운송 수입을 통합 관리하며, 운송 원가에서 수입을 뺀 차액을 재정으로 보전하는 방식이다. 대상은 A시 면허 광역버스 전 노선이다. 시는 도입 근거로 노선 폐지에 따른 교통 소외지역 발생을 들었다.

제도 도입 첫해 참여 운수업체는 7개사였고, 대상 노선은 34개, 인가 대수는 412대였다. 시는 표준운송원가를 매년 고시하며, 2021년 고시액은 1대당 하루 58만 4천 원이었다. 인가 대수에는 예비차 38대가 포함된다. 표준운송원가는 인건비, 연료비, 정비비, 적정 이윤으로 구성된다.

준공영제 참여 업체는 회계 자료를 시에 분기별로 제출해야 한다. 미제출 시 해당 분기 보전금 지급이 유예된다. A시는 2022년부터 외부 회계법인의 표본 검증을 도입했다. 검증 대상은 전체 업체의 3분의 1을 매년 순환 선정한다. 검증 결과는 시 누리집에 공개한다.","A시 교통정책연구원은 준공영제 시행 3년차 평가 보고서를 발간했다. 보고서는 정시성과 이용자 만족도를 중심으로 성과를 정리하고 재정 부담 증가를 주요 과제로 지적했다. 평가는 시행 첫해부터 3년차까지의 운행 기록과 이용자 설문 3,200부를 근거로 삼았다.

평가 기간 광역버스 정시율은 시행 전 71.3%에서 84.6%로 올랐다. 이용자 만족도는 5점 척도에서 3.2점에서 3.9점으로 상승했다. 반면 연간 재정 보전액은 도입 첫해 대비 2.4배로 늘었다. 정시율은 정류장 도착 예정 시각 기준 5분 이내 도착 비율로 정의했다. 만족도 조사는 매년 9월에 실시했다.

보고서는 노선 조정 권한이 시에 있으나 실제 조정 실적은 저조하다고 지적했다. 시행 3년간 폐지된 노선은 2개, 신설된 노선은 5개에 그쳤다. 보고서는 노선 조정이 지연되는 이유로 업체 간 수익 노선 배분 협의가 길어지는 점을 들었다.",none,,,unanswerable_number
B01-04,context_qa_nogold,,N,A시 준공영제 도입을 주도한 교통국장 윤재석의 재임 기간은 언제인가?,,,,자료에 윤재석이라는 인물은 물론 개별 공무원에 대한 언급이 전혀 없다.,"허구 지문 — 외부 검증 불필요, 내적 일관성만 확인",YES,"A시는 2021년부터 광역버스 준공영제를 시행하고 있다. 시가 노선권을 관리하고 운송 수입을 통합 관리하며, 운송 원가에서 수입을 뺀 차액을 재정으로 보전하는 방식이다. 대상은 A시 면허 광역버스 전 노선이다. 시는 도입 근거로 노선 폐지에 따른 교통 소외지역 발생을 들었다.

제도 도입 첫해 참여 운수업체는 7개사였고, 대상 노선은 34개, 인가 대수는 412대였다. 시는 표준운송원가를 매년 고시하며, 2021년 고시액은 1대당 하루 58만 4천 원이었다. 인가 대수에는 예비차 38대가 포함된다. 표준운송원가는 인건비, 연료비, 정비비, 적정 이윤으로 구성된다.

준공영제 참여 업체는 회계 자료를 시에 분기별로 제출해야 한다. 미제출 시 해당 분기 보전금 지급이 유예된다. A시는 2022년부터 외부 회계법인의 표본 검증을 도입했다. 검증 대상은 전체 업체의 3분의 1을 매년 순환 선정한다. 검증 결과는 시 누리집에 공개한다.","A시 교통정책연구원은 준공영제 시행 3년차 평가 보고서를 발간했다. 보고서는 정시성과 이용자 만족도를 중심으로 성과를 정리하고 재정 부담 증가를 주요 과제로 지적했다. 평가는 시행 첫해부터 3년차까지의 운행 기록과 이용자 설문 3,200부를 근거로 삼았다.

평가 기간 광역버스 정시율은 시행 전 71.3%에서 84.6%로 올랐다. 이용자 만족도는 5점 척도에서 3.2점에서 3.9점으로 상승했다. 반면 연간 재정 보전액은 도입 첫해 대비 2.4배로 늘었다. 정시율은 정류장 도착 예정 시각 기준 5분 이내 도착 비율로 정의했다. 만족도 조사는 매년 9월에 실시했다.

보고서는 노선 조정 권한이 시에 있으나 실제 조정 실적은 저조하다고 지적했다. 시행 3년간 폐지된 노선은 2개, 신설된 노선은 5개에 그쳤다. 보고서는 노선 조정이 지연되는 이유로 업체 간 수익 노선 배분 협의가 길어지는 점을 들었다.",none,,,unanswerable_entity
B02-01,context_qa,,Y,남해권 광역교통조합의 환승 할인 정산 시스템 구축비는 얼마이며 어떻게 분담했는가?,,74억 원을 세 자치단체가 균등 분담,74억|균등 분담,,"허구 지문 — 외부 검증 불필요, 내적 일관성만 확인",YES,"남해권 광역교통조합은 인접한 세 개 기초자치단체가 2019년 공동으로 설립한 특별지방자치단체다. 조합은 광역 환승 체계 운영과 환승 할인 정산을 담당한다. 조합은 지방자치법에 따른 규약 승인 절차를 거쳐 설립됐다. 조합장은 세 자치단체장이 2년씩 순번으로 맡는다.

조합 규약에 따르면 분담금은 각 자치단체의 직전 연도 대중교통 이용 실적에 비례해 산정한다. 설립 당시 총 분담금 규모는 연 187억 원이었으며, 조합 사무국 정원은 23명으로 정해졌다. 분담금 산정에 쓰는 이용 실적은 교통카드 태그 건수를 기준으로 한다. 정원 23명 중 파견 공무원은 15명이다.

조합은 환승 할인 정산 시스템을 자체 구축했다. 시스템 구축비 74억 원은 세 자치단체가 균등 분담했고, 2020년 3월부터 정상 가동에 들어갔다. 시스템은 카드사 정산 데이터를 하루 두 차례 수신해 자치단체별 부담분을 자동 산출한다.","남해권 광역교통조합 설립 5주년 백서는 환승 실적과 조합 운영상의 한계를 함께 다뤘다. 백서는 조합 방식이 노선 조정 속도에서 이점을 보였다고 평가했다. 백서는 조합 설립 이전 자치단체별 개별 정산 방식과 비교하는 방식으로 성과를 정리했다.

일평균 환승 건수는 설립 첫해 4만 2천 건에서 5년차 9만 8천 건으로 늘었다. 환승 할인으로 이용자가 절감한 금액은 5년 누적 1,340억 원으로 추산됐다. 환승 건수 집계에는 버스에서 버스로 갈아탄 경우와 버스에서 도시철도로 갈아탄 경우를 모두 포함했다.

한계로는 의결 구조가 지적됐다. 조합 의회는 안건을 만장일치로 의결하도록 규약에 정해 두었는데, 이 때문에 5년간 부결된 안건이 11건에 이른다. 백서는 만장일치 규정이 소수 자치단체의 거부권으로 작동한다고 보고, 특별다수결 도입을 검토 과제로 제시했다.",1,345,3,answerable_doc1
B02-02,context_qa,,Y,남해권 광역교통조합 조합 의회에서 5년간 부결된 안건은 몇 건인가?,,11건,11|11건,,"허구 지문 — 외부 검증 불필요, 내적 일관성만 확인",YES,"남해권 광역교통조합은 인접한 세 개 기초자치단체가 2019년 공동으로 설립한 특별지방자치단체다. 조합은 광역 환승 체계 운영과 환승 할인 정산을 담당한다. 조합은 지방자치법에 따른 규약 승인 절차를 거쳐 설립됐다. 조합장은 세 자치단체장이 2년씩 순번으로 맡는다.

조합 규약에 따르면 분담금은 각 자치단체의 직전 연도 대중교통 이용 실적에 비례해 산정한다. 설립 당시 총 분담금 규모는 연 187억 원이었으며, 조합 사무국 정원은 23명으로 정해졌다. 분담금 산정에 쓰는 이용 실적은 교통카드 태그 건수를 기준으로 한다. 정원 23명 중 파견 공무원은 15명이다.

조합은 환승 할인 정산 시스템을 자체 구축했다. 시스템 구축비 74억 원은 세 자치단체가 균등 분담했고, 2020년 3월부터 정상 가동에 들어갔다. 시스템은 카드사 정산 데이터를 하루 두 차례 수신해 자치단체별 부담분을 자동 산출한다.","남해권 광역교통조합 설립 5주년 백서는 환승 실적과 조합 운영상의 한계를 함께 다뤘다. 백서는 조합 방식이 노선 조정 속도에서 이점을 보였다고 평가했다. 백서는 조합 설립 이전 자치단체별 개별 정산 방식과 비교하는 방식으로 성과를 정리했다.

일평균 환승 건수는 설립 첫해 4만 2천 건에서 5년차 9만 8천 건으로 늘었다. 환승 할인으로 이용자가 절감한 금액은 5년 누적 1,340억 원으로 추산됐다. 환승 건수 집계에는 버스에서 버스로 갈아탄 경우와 버스에서 도시철도로 갈아탄 경우를 모두 포함했다.

한계로는 의결 구조가 지적됐다. 조합 의회는 안건을 만장일치로 의결하도록 규약에 정해 두었는데, 이 때문에 5년간 부결된 안건이 11건에 이른다. 백서는 만장일치 규정이 소수 자치단체의 거부권으로 작동한다고 보고, 특별다수결 도입을 검토 과제로 제시했다.",2,343,3,answerable_doc2
B02-03,context_qa_nogold,,N,남해권 광역교통조합 사무국 직원의 연평균 인건비는 얼마인가?,,,,자료는 사무국 정원과 분담금 총액은 밝히지만 인건비 항목은 제시하지 않는다.,"허구 지문 — 외부 검증 불필요, 내적 일관성만 확인",YES,"남해권 광역교통조합은 인접한 세 개 기초자치단체가 2019년 공동으로 설립한 특별지방자치단체다. 조합은 광역 환승 체계 운영과 환승 할인 정산을 담당한다. 조합은 지방자치법에 따른 규약 승인 절차를 거쳐 설립됐다. 조합장은 세 자치단체장이 2년씩 순번으로 맡는다.

조합 규약에 따르면 분담금은 각 자치단체의 직전 연도 대중교통 이용 실적에 비례해 산정한다. 설립 당시 총 분담금 규모는 연 187억 원이었으며, 조합 사무국 정원은 23명으로 정해졌다. 분담금 산정에 쓰는 이용 실적은 교통카드 태그 건수를 기준으로 한다. 정원 23명 중 파견 공무원은 15명이다.

조합은 환승 할인 정산 시스템을 자체 구축했다. 시스템 구축비 74억 원은 세 자치단체가 균등 분담했고, 2020년 3월부터 정상 가동에 들어갔다. 시스템은 카드사 정산 데이터를 하루 두 차례 수신해 자치단체별 부담분을 자동 산출한다.","남해권 광역교통조합 설립 5주년 백서는 환승 실적과 조합 운영상의 한계를 함께 다뤘다. 백서는 조합 방식이 노선 조정 속도에서 이점을 보였다고 평가했다. 백서는 조합 설립 이전 자치단체별 개별 정산 방식과 비교하는 방식으로 성과를 정리했다.

일평균 환승 건수는 설립 첫해 4만 2천 건에서 5년차 9만 8천 건으로 늘었다. 환승 할인으로 이용자가 절감한 금액은 5년 누적 1,340억 원으로 추산됐다. 환승 건수 집계에는 버스에서 버스로 갈아탄 경우와 버스에서 도시철도로 갈아탄 경우를 모두 포함했다.

한계로는 의결 구조가 지적됐다. 조합 의회는 안건을 만장일치로 의결하도록 규약에 정해 두었는데, 이 때문에 5년간 부결된 안건이 11건에 이른다. 백서는 만장일치 규정이 소수 자치단체의 거부권으로 작동한다고 보고, 특별다수결 도입을 검토 과제로 제시했다.",none,,,unanswerable_number
B02-04,context_qa_nogold,,N,남해권 광역교통조합에 2023년 새로 가입한 네 번째 자치단체는 어디인가?,,,,"자료는 세 개 자치단체로 구성된다고만 하며, 추가 가입에 관한 언급이 없다.","허구 지문 — 외부 검증 불필요, 내적 일관성만 확인",YES,"남해권 광역교통조합은 인접한 세 개 기초자치단체가 2019년 공동으로 설립한 특별지방자치단체다. 조합은 광역 환승 체계 운영과 환승 할인 정산을 담당한다. 조합은 지방자치법에 따른 규약 승인 절차를 거쳐 설립됐다. 조합장은 세 자치단체장이 2년씩 순번으로 맡는다.

조합 규약에 따르면 분담금은 각 자치단체의 직전 연도 대중교통 이용 실적에 비례해 산정한다. 설립 당시 총 분담금 규모는 연 187억 원이었으며, 조합 사무국 정원은 23명으로 정해졌다. 분담금 산정에 쓰는 이용 실적은 교통카드 태그 건수를 기준으로 한다. 정원 23명 중 파견 공무원은 15명이다.

조합은 환승 할인 정산 시스템을 자체 구축했다. 시스템 구축비 74억 원은 세 자치단체가 균등 분담했고, 2020년 3월부터 정상 가동에 들어갔다. 시스템은 카드사 정산 데이터를 하루 두 차례 수신해 자치단체별 부담분을 자동 산출한다.","남해권 광역교통조합 설립 5주년 백서는 환승 실적과 조합 운영상의 한계를 함께 다뤘다. 백서는 조합 방식이 노선 조정 속도에서 이점을 보였다고 평가했다. 백서는 조합 설립 이전 자치단체별 개별 정산 방식과 비교하는 방식으로 성과를 정리했다.

일평균 환승 건수는 설립 첫해 4만 2천 건에서 5년차 9만 8천 건으로 늘었다. 환승 할인으로 이용자가 절감한 금액은 5년 누적 1,340억 원으로 추산됐다. 환승 건수 집계에는 버스에서 버스로 갈아탄 경우와 버스에서 도시철도로 갈아탄 경우를 모두 포함했다.

한계로는 의결 구조가 지적됐다. 조합 의회는 안건을 만장일치로 의결하도록 규약에 정해 두었는데, 이 때문에 5년간 부결된 안건이 11건에 이른다. 백서는 만장일치 규정이 소수 자치단체의 거부권으로 작동한다고 보고, 특별다수결 도입을 검토 과제로 제시했다.",none,,,unanswerable_entity
B03-01,context_qa,,Y,북산군 스마트팜 시범사업 참여자에게 배정되는 온실 면적과 연간 임대료는 얼마인가?,,"1인당 660제곱미터, 연 84만 원",660|84만,,"허구 지문 — 외부 검증 불필요, 내적 일관성만 확인",YES,"북산군은 2022년부터 스마트팜 시범사업을 운영한다. 군이 유휴 부지에 온실을 조성해 청년 농업인에게 임대하고, 재배 기술과 판로를 함께 지원하는 사업이다. 대상 부지는 폐교 부지와 군 소유 유휴지 가운데 진입로가 확보된 곳으로 한정했다.

시범사업 1기 모집에는 정원 12명에 47명이 지원했다. 선발된 12명에게는 1인당 660제곱미터의 온실이 배정됐고, 임대료는 연 84만 원으로 책정됐다. 임대 기간은 기본 3년이며 1회에 한해 2년 연장할 수 있다. 지원 자격은 만 39세 이하이면서 영농 경력 3년 미만인 사람으로 정했다. 온실은 단동형 비닐 온실이다.

군은 참여자에게 초기 정착금 1인당 1,200만 원을 지급한다. 정착금은 영농 자재와 시설 보완에만 쓸 수 있으며, 용도 외 사용이 확인되면 전액 환수한다. 정착금은 선발 직후 절반, 1년차 평가를 통과하면 나머지 절반을 지급한다.","북산군 농업기술센터는 스마트팜 시범사업 2년차 중간 점검 결과를 공개했다. 점검은 생산성과 참여자 유지율을 중심으로 이뤄졌다. 점검은 참여자 면담과 온실별 생산 기록 대조를 함께 진행했다. 점검 기간은 두 달이었다.

참여자 12명 중 10명이 2년차까지 사업을 유지했다. 중도 포기 2명은 모두 판로 확보의 어려움을 사유로 들었다. 단위면적당 생산량은 관행 재배 대비 1.7배로 집계됐다. 유지율 집계에서 휴경 기간이 3개월을 넘은 경우는 중도 포기로 분류했다. 관행 재배 기준은 군 평균값을 썼다.

센터는 온실 환경 제어 장비의 고장 빈도를 과제로 꼽았다. 2년간 접수된 장비 고장 신고는 38건이었고, 이 중 절반이 여름철 3개월에 집중됐다. 센터는 고장 신고 가운데 환기창 구동부 관련이 가장 많았다고 밝혔다. 수리까지 걸린 기간은 평균 4일이었다.",1,178,2,answerable_doc1
B03-02,context_qa,,Y,북산군 스마트팜 시범사업 2년간 접수된 장비 고장 신고는 몇 건인가?,,38건,38|38건,,"허구 지문 — 외부 검증 불필요, 내적 일관성만 확인",YES,"북산군은 2022년부터 스마트팜 시범사업을 운영한다. 군이 유휴 부지에 온실을 조성해 청년 농업인에게 임대하고, 재배 기술과 판로를 함께 지원하는 사업이다. 대상 부지는 폐교 부지와 군 소유 유휴지 가운데 진입로가 확보된 곳으로 한정했다.

시범사업 1기 모집에는 정원 12명에 47명이 지원했다. 선발된 12명에게는 1인당 660제곱미터의 온실이 배정됐고, 임대료는 연 84만 원으로 책정됐다. 임대 기간은 기본 3년이며 1회에 한해 2년 연장할 수 있다. 지원 자격은 만 39세 이하이면서 영농 경력 3년 미만인 사람으로 정했다. 온실은 단동형 비닐 온실이다.

군은 참여자에게 초기 정착금 1인당 1,200만 원을 지급한다. 정착금은 영농 자재와 시설 보완에만 쓸 수 있으며, 용도 외 사용이 확인되면 전액 환수한다. 정착금은 선발 직후 절반, 1년차 평가를 통과하면 나머지 절반을 지급한다.","북산군 농업기술센터는 스마트팜 시범사업 2년차 중간 점검 결과를 공개했다. 점검은 생산성과 참여자 유지율을 중심으로 이뤄졌다. 점검은 참여자 면담과 온실별 생산 기록 대조를 함께 진행했다. 점검 기간은 두 달이었다.

참여자 12명 중 10명이 2년차까지 사업을 유지했다. 중도 포기 2명은 모두 판로 확보의 어려움을 사유로 들었다. 단위면적당 생산량은 관행 재배 대비 1.7배로 집계됐다. 유지율 집계에서 휴경 기간이 3개월을 넘은 경우는 중도 포기로 분류했다. 관행 재배 기준은 군 평균값을 썼다.

센터는 온실 환경 제어 장비의 고장 빈도를 과제로 꼽았다. 2년간 접수된 장비 고장 신고는 38건이었고, 이 중 절반이 여름철 3개월에 집중됐다. 센터는 고장 신고 가운데 환기창 구동부 관련이 가장 많았다고 밝혔다. 수리까지 걸린 기간은 평균 4일이었다.",2,323,3,answerable_doc2
B03-03,context_qa_nogold,,N,북산군 스마트팜 참여자의 2년차 평균 연매출은 얼마인가?,,,,자료는 생산량 배수와 유지율은 제시하지만 매출액은 다루지 않는다.,"허구 지문 — 외부 검증 불필요, 내적 일관성만 확인",YES,"북산군은 2022년부터 스마트팜 시범사업을 운영한다. 군이 유휴 부지에 온실을 조성해 청년 농업인에게 임대하고, 재배 기술과 판로를 함께 지원하는 사업이다. 대상 부지는 폐교 부지와 군 소유 유휴지 가운데 진입로가 확보된 곳으로 한정했다.

시범사업 1기 모집에는 정원 12명에 47명이 지원했다. 선발된 12명에게는 1인당 660제곱미터의 온실이 배정됐고, 임대료는 연 84만 원으로 책정됐다. 임대 기간은 기본 3년이며 1회에 한해 2년 연장할 수 있다. 지원 자격은 만 39세 이하이면서 영농 경력 3년 미만인 사람으로 정했다. 온실은 단동형 비닐 온실이다.

군은 참여자에게 초기 정착금 1인당 1,200만 원을 지급한다. 정착금은 영농 자재와 시설 보완에만 쓸 수 있으며, 용도 외 사용이 확인되면 전액 환수한다. 정착금은 선발 직후 절반, 1년차 평가를 통과하면 나머지 절반을 지급한다.","북산군 농업기술센터는 스마트팜 시범사업 2년차 중간 점검 결과를 공개했다. 점검은 생산성과 참여자 유지율을 중심으로 이뤄졌다. 점검은 참여자 면담과 온실별 생산 기록 대조를 함께 진행했다. 점검 기간은 두 달이었다.

참여자 12명 중 10명이 2년차까지 사업을 유지했다. 중도 포기 2명은 모두 판로 확보의 어려움을 사유로 들었다. 단위면적당 생산량은 관행 재배 대비 1.7배로 집계됐다. 유지율 집계에서 휴경 기간이 3개월을 넘은 경우는 중도 포기로 분류했다. 관행 재배 기준은 군 평균값을 썼다.

센터는 온실 환경 제어 장비의 고장 빈도를 과제로 꼽았다. 2년간 접수된 장비 고장 신고는 38건이었고, 이 중 절반이 여름철 3개월에 집중됐다. 센터는 고장 신고 가운데 환기창 구동부 관련이 가장 많았다고 밝혔다. 수리까지 걸린 기간은 평균 4일이었다.",none,,,unanswerable_number
B03-04,context_qa_nogold,,N,북산군 스마트팜 시범사업의 기술 자문을 맡은 대학은 어디인가?,,,,자료에 자문 기관이나 협력 대학에 관한 언급이 없다.,"허구 지문 — 외부 검증 불필요, 내적 일관성만 확인",YES,"북산군은 2022년부터 스마트팜 시범사업을 운영한다. 군이 유휴 부지에 온실을 조성해 청년 농업인에게 임대하고, 재배 기술과 판로를 함께 지원하는 사업이다. 대상 부지는 폐교 부지와 군 소유 유휴지 가운데 진입로가 확보된 곳으로 한정했다.

시범사업 1기 모집에는 정원 12명에 47명이 지원했다. 선발된 12명에게는 1인당 660제곱미터의 온실이 배정됐고, 임대료는 연 84만 원으로 책정됐다. 임대 기간은 기본 3년이며 1회에 한해 2년 연장할 수 있다. 지원 자격은 만 39세 이하이면서 영농 경력 3년 미만인 사람으로 정했다. 온실은 단동형 비닐 온실이다.

군은 참여자에게 초기 정착금 1인당 1,200만 원을 지급한다. 정착금은 영농 자재와 시설 보완에만 쓸 수 있으며, 용도 외 사용이 확인되면 전액 환수한다. 정착금은 선발 직후 절반, 1년차 평가를 통과하면 나머지 절반을 지급한다.","북산군 농업기술센터는 스마트팜 시범사업 2년차 중간 점검 결과를 공개했다. 점검은 생산성과 참여자 유지율을 중심으로 이뤄졌다. 점검은 참여자 면담과 온실별 생산 기록 대조를 함께 진행했다. 점검 기간은 두 달이었다.

참여자 12명 중 10명이 2년차까지 사업을 유지했다. 중도 포기 2명은 모두 판로 확보의 어려움을 사유로 들었다. 단위면적당 생산량은 관행 재배 대비 1.7배로 집계됐다. 유지율 집계에서 휴경 기간이 3개월을 넘은 경우는 중도 포기로 분류했다. 관행 재배 기준은 군 평균값을 썼다.

센터는 온실 환경 제어 장비의 고장 빈도를 과제로 꼽았다. 2년간 접수된 장비 고장 신고는 38건이었고, 이 중 절반이 여름철 3개월에 집중됐다. 센터는 고장 신고 가운데 환기창 구동부 관련이 가장 많았다고 밝혔다. 수리까지 걸린 기간은 평균 4일이었다.",none,,,unanswerable_entity
B04-01,context_qa,,Y,하람시 조례가 정한 시립도서관 평일 개관 시간은 어떻게 되는가?,,오전 9시부터 오후 10시까지,9시|10시|오후 10시,,"허구 지문 — 외부 검증 불필요, 내적 일관성만 확인",YES,"하람시는 2020년 공공도서관 운영 조례를 전부 개정했다. 개정의 핵심은 관장 자격 요건 완화와 개관 시간 확대다. 시는 생활권 단위 접근성을 개선하겠다는 목표를 제시했다. 개정 전 조례는 관장 자격을 사서직 5급 이상으로 제한했으나, 개정 조례는 이를 사서 자격증 소지자로 넓혔다.

개정 조례는 시립도서관 개관 시간을 평일 오전 9시부터 오후 10시까지로 정했다. 종전 오후 6시에서 네 시간 늘어난 것이다. 주말 개관 시간은 오전 10시부터 오후 6시까지로 유지했다. 개관 시간 확대는 시립도서관 전 관에 적용되며, 작은도서관은 종전 시간을 유지한다.

조례는 또한 각 도서관이 연간 장서 구입비의 20퍼센트 이상을 지역 서점에서 집행하도록 의무화했다. 위반 시 다음 연도 예산 배정에서 감액한다. 지역 서점의 범위는 하람시에 사업자 등록을 두고 1년 이상 영업한 곳으로 한정했다.","하람시 도서관정책과는 조례 개정 이후 3년간의 이용 지표를 정리했다. 자료는 개관 시간 확대의 효과가 관종별로 다르게 나타났다고 밝혔다. 집계 대상은 시립도서관 여섯 곳이며, 작은도서관과 이동도서관은 제외했다.

전체 대출 권수는 개정 전 연 118만 권에서 3년차 141만 권으로 늘었다. 특히 오후 6시 이후 대출이 전체의 22퍼센트를 차지했다. 방문자 수는 같은 기간 19퍼센트 증가했다. 오후 6시 이후 대출 비중은 관별로 편차가 커서, 주거지 인접 관은 29퍼센트, 업무지구 관은 11퍼센트였다.

지역 서점 구입 비율은 첫해 14퍼센트에 그쳐 의무 기준에 미달했다. 시는 2년차부터 공동 구매 절차를 도입해 3년차에 23퍼센트를 달성했다. 공동 구매는 시가 목록을 취합해 지역 서점 조합과 일괄 계약하는 방식이다. 배송 지연 민원이 함께 늘었다.",1,180,2,answerable_doc1
B04-02,context_qa,,Y,하람시 도서관의 지역 서점 구입 비율은 첫해와 3년차에 각각 몇 퍼센트인가?,,"첫해 14퍼센트, 3년차 23퍼센트",14|23,,"허구 지문 — 외부 검증 불필요, 내적 일관성만 확인",YES,"하람시는 2020년 공공도서관 운영 조례를 전부 개정했다. 개정의 핵심은 관장 자격 요건 완화와 개관 시간 확대다. 시는 생활권 단위 접근성을 개선하겠다는 목표를 제시했다. 개정 전 조례는 관장 자격을 사서직 5급 이상으로 제한했으나, 개정 조례는 이를 사서 자격증 소지자로 넓혔다.

개정 조례는 시립도서관 개관 시간을 평일 오전 9시부터 오후 10시까지로 정했다. 종전 오후 6시에서 네 시간 늘어난 것이다. 주말 개관 시간은 오전 10시부터 오후 6시까지로 유지했다. 개관 시간 확대는 시립도서관 전 관에 적용되며, 작은도서관은 종전 시간을 유지한다.

조례는 또한 각 도서관이 연간 장서 구입비의 20퍼센트 이상을 지역 서점에서 집행하도록 의무화했다. 위반 시 다음 연도 예산 배정에서 감액한다. 지역 서점의 범위는 하람시에 사업자 등록을 두고 1년 이상 영업한 곳으로 한정했다.","하람시 도서관정책과는 조례 개정 이후 3년간의 이용 지표를 정리했다. 자료는 개관 시간 확대의 효과가 관종별로 다르게 나타났다고 밝혔다. 집계 대상은 시립도서관 여섯 곳이며, 작은도서관과 이동도서관은 제외했다.

전체 대출 권수는 개정 전 연 118만 권에서 3년차 141만 권으로 늘었다. 특히 오후 6시 이후 대출이 전체의 22퍼센트를 차지했다. 방문자 수는 같은 기간 19퍼센트 증가했다. 오후 6시 이후 대출 비중은 관별로 편차가 커서, 주거지 인접 관은 29퍼센트, 업무지구 관은 11퍼센트였다.

지역 서점 구입 비율은 첫해 14퍼센트에 그쳐 의무 기준에 미달했다. 시는 2년차부터 공동 구매 절차를 도입해 3년차에 23퍼센트를 달성했다. 공동 구매는 시가 목록을 취합해 지역 서점 조합과 일괄 계약하는 방식이다. 배송 지연 민원이 함께 늘었다.",2,284,3,answerable_doc2
B04-03,context_qa_nogold,,N,하람시 공공도서관의 연간 장서 구입비 총액은 얼마인가?,,,,자료는 구입비 중 지역 서점 집행 비율만 다루고 총액은 제시하지 않는다.,"허구 지문 — 외부 검증 불필요, 내적 일관성만 확인",YES,"하람시는 2020년 공공도서관 운영 조례를 전부 개정했다. 개정의 핵심은 관장 자격 요건 완화와 개관 시간 확대다. 시는 생활권 단위 접근성을 개선하겠다는 목표를 제시했다. 개정 전 조례는 관장 자격을 사서직 5급 이상으로 제한했으나, 개정 조례는 이를 사서 자격증 소지자로 넓혔다.

개정 조례는 시립도서관 개관 시간을 평일 오전 9시부터 오후 10시까지로 정했다. 종전 오후 6시에서 네 시간 늘어난 것이다. 주말 개관 시간은 오전 10시부터 오후 6시까지로 유지했다. 개관 시간 확대는 시립도서관 전 관에 적용되며, 작은도서관은 종전 시간을 유지한다.

조례는 또한 각 도서관이 연간 장서 구입비의 20퍼센트 이상을 지역 서점에서 집행하도록 의무화했다. 위반 시 다음 연도 예산 배정에서 감액한다. 지역 서점의 범위는 하람시에 사업자 등록을 두고 1년 이상 영업한 곳으로 한정했다.","하람시 도서관정책과는 조례 개정 이후 3년간의 이용 지표를 정리했다. 자료는 개관 시간 확대의 효과가 관종별로 다르게 나타났다고 밝혔다. 집계 대상은 시립도서관 여섯 곳이며, 작은도서관과 이동도서관은 제외했다.

전체 대출 권수는 개정 전 연 118만 권에서 3년차 141만 권으로 늘었다. 특히 오후 6시 이후 대출이 전체의 22퍼센트를 차지했다. 방문자 수는 같은 기간 19퍼센트 증가했다. 오후 6시 이후 대출 비중은 관별로 편차가 커서, 주거지 인접 관은 29퍼센트, 업무지구 관은 11퍼센트였다.

지역 서점 구입 비율은 첫해 14퍼센트에 그쳐 의무 기준에 미달했다. 시는 2년차부터 공동 구매 절차를 도입해 3년차에 23퍼센트를 달성했다. 공동 구매는 시가 목록을 취합해 지역 서점 조합과 일괄 계약하는 방식이다. 배송 지연 민원이 함께 늘었다.",none,,,unanswerable_number
B04-04,context_qa_nogold,,N,하람시가 조례 개정 이후 새로 건립한 분관의 이름은 무엇인가?,,,,자료는 개관 시간과 장서 구입만 다루며 분관 건립에 관한 언급이 없다.,"허구 지문 — 외부 검증 불필요, 내적 일관성만 확인",YES,"하람시는 2020년 공공도서관 운영 조례를 전부 개정했다. 개정의 핵심은 관장 자격 요건 완화와 개관 시간 확대다. 시는 생활권 단위 접근성을 개선하겠다는 목표를 제시했다. 개정 전 조례는 관장 자격을 사서직 5급 이상으로 제한했으나, 개정 조례는 이를 사서 자격증 소지자로 넓혔다.

개정 조례는 시립도서관 개관 시간을 평일 오전 9시부터 오후 10시까지로 정했다. 종전 오후 6시에서 네 시간 늘어난 것이다. 주말 개관 시간은 오전 10시부터 오후 6시까지로 유지했다. 개관 시간 확대는 시립도서관 전 관에 적용되며, 작은도서관은 종전 시간을 유지한다.

조례는 또한 각 도서관이 연간 장서 구입비의 20퍼센트 이상을 지역 서점에서 집행하도록 의무화했다. 위반 시 다음 연도 예산 배정에서 감액한다. 지역 서점의 범위는 하람시에 사업자 등록을 두고 1년 이상 영업한 곳으로 한정했다.","하람시 도서관정책과는 조례 개정 이후 3년간의 이용 지표를 정리했다. 자료는 개관 시간 확대의 효과가 관종별로 다르게 나타났다고 밝혔다. 집계 대상은 시립도서관 여섯 곳이며, 작은도서관과 이동도서관은 제외했다.

전체 대출 권수는 개정 전 연 118만 권에서 3년차 141만 권으로 늘었다. 특히 오후 6시 이후 대출이 전체의 22퍼센트를 차지했다. 방문자 수는 같은 기간 19퍼센트 증가했다. 오후 6시 이후 대출 비중은 관별로 편차가 커서, 주거지 인접 관은 29퍼센트, 업무지구 관은 11퍼센트였다.

지역 서점 구입 비율은 첫해 14퍼센트에 그쳐 의무 기준에 미달했다. 시는 2년차부터 공동 구매 절차를 도입해 3년차에 23퍼센트를 달성했다. 공동 구매는 시가 목록을 취합해 지역 서점 조합과 일괄 계약하는 방식이다. 배송 지연 민원이 함께 늘었다.",none,,,unanswerable_entity
B05-01,context_qa,,Y,세연시 재활용 선별장의 설계 처리 용량과 준공 당시 총사업비는 얼마인가?,,"하루 220톤, 486억 원",220|486,,"허구 지문 — 외부 검증 불필요, 내적 일관성만 확인",YES,"세연시 재활용 선별장은 2018년 준공된 광역 처리시설이다. 시는 기존 소규모 선별장 네 곳을 통합해 하나의 시설로 재편했다. 처리 대상은 생활계 재활용 가능 자원이다. 통합 이전 네 곳은 모두 준공 20년을 넘겨 설비 노후화가 심했다. 부지 면적은 3만 1천 제곱미터다.

설계 처리 용량은 하루 220톤이며, 준공 당시 총사업비는 486억 원이었다. 시설은 광학 선별기 6대와 수선별 라인 4개를 갖췄다. 상시 근무 인원은 3교대 기준 78명이다. 광학 선별기는 재질별로 페트, 플라스틱, 종이 라인에 나눠 배치했다. 수선별 라인은 최종 품질 확인을 맡는다.

시는 선별 잔재물을 인접 소각시설로 반출한다. 반출 물량이 월 900톤을 넘으면 초과분에 대해 톤당 4만 2천 원의 추가 처리비를 부담하도록 협약에 정해져 있다. 협약 상대는 인접 자치단체가 공동 운영하는 소각시설이며, 협약 기간은 10년이다.","세연시 자원순환과가 공개한 선별장 운영 실적은 반입량 증가와 선별 품질 저하를 함께 보여준다. 자료는 최근 5년간의 지표를 담았다. 자료는 반입 계근 기록과 월별 선별 실적 보고를 근거로 작성됐다.

일평균 반입량은 준공 첫해 168톤에서 5년차 214톤으로 늘어 설계 용량에 근접했다. 반면 선별률은 같은 기간 61퍼센트에서 53퍼센트로 떨어졌다. 시는 이물질 혼입 증가를 원인으로 분석했다. 선별률은 반입량 대비 재활용품으로 출하된 물량의 비율로 정의한다. 이물질 혼입은 배출 단계 분리 미흡이 주된 원인으로 지목됐다.

잔재물 반출량은 5년차에 월평균 1,020톤을 기록해 협약 기준을 넘어섰다. 초과 처리비 부담은 해당 연도에만 6억 원을 웃돌았다. 시는 초과 처리비를 줄이기 위해 잔재물 감량 설비 도입을 검토 중이라고 밝혔다. 도입 여부는 내년 상반기에 결정할 계획이다.",1,154,2,answerable_doc1
B05-02,context_qa,,Y,세연시 선별장의 선별률은 준공 첫해와 5년차에 각각 몇 퍼센트인가?,,"첫해 61퍼센트, 5년차 53퍼센트",61|53,,"허구 지문 — 외부 검증 불필요, 내적 일관성만 확인",YES,"세연시 재활용 선별장은 2018년 준공된 광역 처리시설이다. 시는 기존 소규모 선별장 네 곳을 통합해 하나의 시설로 재편했다. 처리 대상은 생활계 재활용 가능 자원이다. 통합 이전 네 곳은 모두 준공 20년을 넘겨 설비 노후화가 심했다. 부지 면적은 3만 1천 제곱미터다.

설계 처리 용량은 하루 220톤이며, 준공 당시 총사업비는 486억 원이었다. 시설은 광학 선별기 6대와 수선별 라인 4개를 갖췄다. 상시 근무 인원은 3교대 기준 78명이다. 광학 선별기는 재질별로 페트, 플라스틱, 종이 라인에 나눠 배치했다. 수선별 라인은 최종 품질 확인을 맡는다.

시는 선별 잔재물을 인접 소각시설로 반출한다. 반출 물량이 월 900톤을 넘으면 초과분에 대해 톤당 4만 2천 원의 추가 처리비를 부담하도록 협약에 정해져 있다. 협약 상대는 인접 자치단체가 공동 운영하는 소각시설이며, 협약 기간은 10년이다.","세연시 자원순환과가 공개한 선별장 운영 실적은 반입량 증가와 선별 품질 저하를 함께 보여준다. 자료는 최근 5년간의 지표를 담았다. 자료는 반입 계근 기록과 월별 선별 실적 보고를 근거로 작성됐다.

일평균 반입량은 준공 첫해 168톤에서 5년차 214톤으로 늘어 설계 용량에 근접했다. 반면 선별률은 같은 기간 61퍼센트에서 53퍼센트로 떨어졌다. 시는 이물질 혼입 증가를 원인으로 분석했다. 선별률은 반입량 대비 재활용품으로 출하된 물량의 비율로 정의한다. 이물질 혼입은 배출 단계 분리 미흡이 주된 원인으로 지목됐다.

잔재물 반출량은 5년차에 월평균 1,020톤을 기록해 협약 기준을 넘어섰다. 초과 처리비 부담은 해당 연도에만 6억 원을 웃돌았다. 시는 초과 처리비를 줄이기 위해 잔재물 감량 설비 도입을 검토 중이라고 밝혔다. 도입 여부는 내년 상반기에 결정할 계획이다.",2,164,2,answerable_doc2
B05-03,context_qa_nogold,,N,세연시 선별장에서 회수한 재활용품의 연간 판매 수입은 얼마인가?,,,,자료는 반입량·선별률·처리비는 다루지만 판매 수입은 제시하지 않는다.,"허구 지문 — 외부 검증 불필요, 내적 일관성만 확인",YES,"세연시 재활용 선별장은 2018년 준공된 광역 처리시설이다. 시는 기존 소규모 선별장 네 곳을 통합해 하나의 시설로 재편했다. 처리 대상은 생활계 재활용 가능 자원이다. 통합 이전 네 곳은 모두 준공 20년을 넘겨 설비 노후화가 심했다. 부지 면적은 3만 1천 제곱미터다.

설계 처리 용량은 하루 220톤이며, 준공 당시 총사업비는 486억 원이었다. 시설은 광학 선별기 6대와 수선별 라인 4개를 갖췄다. 상시 근무 인원은 3교대 기준 78명이다. 광학 선별기는 재질별로 페트, 플라스틱, 종이 라인에 나눠 배치했다. 수선별 라인은 최종 품질 확인을 맡는다.

시는 선별 잔재물을 인접 소각시설로 반출한다. 반출 물량이 월 900톤을 넘으면 초과분에 대해 톤당 4만 2천 원의 추가 처리비를 부담하도록 협약에 정해져 있다. 협약 상대는 인접 자치단체가 공동 운영하는 소각시설이며, 협약 기간은 10년이다.","세연시 자원순환과가 공개한 선별장 운영 실적은 반입량 증가와 선별 품질 저하를 함께 보여준다. 자료는 최근 5년간의 지표를 담았다. 자료는 반입 계근 기록과 월별 선별 실적 보고를 근거로 작성됐다.

일평균 반입량은 준공 첫해 168톤에서 5년차 214톤으로 늘어 설계 용량에 근접했다. 반면 선별률은 같은 기간 61퍼센트에서 53퍼센트로 떨어졌다. 시는 이물질 혼입 증가를 원인으로 분석했다. 선별률은 반입량 대비 재활용품으로 출하된 물량의 비율로 정의한다. 이물질 혼입은 배출 단계 분리 미흡이 주된 원인으로 지목됐다.

잔재물 반출량은 5년차에 월평균 1,020톤을 기록해 협약 기준을 넘어섰다. 초과 처리비 부담은 해당 연도에만 6억 원을 웃돌았다. 시는 초과 처리비를 줄이기 위해 잔재물 감량 설비 도입을 검토 중이라고 밝혔다. 도입 여부는 내년 상반기에 결정할 계획이다.",none,,,unanswerable_number
B05-04,context_qa_nogold,,N,세연시 선별장의 광학 선별기를 납품한 업체는 어디인가?,,,,자료는 광학 선별기 대수만 밝히고 납품 업체를 언급하지 않는다.,"허구 지문 — 외부 검증 불필요, 내적 일관성만 확인",YES,"세연시 재활용 선별장은 2018년 준공된 광역 처리시설이다. 시는 기존 소규모 선별장 네 곳을 통합해 하나의 시설로 재편했다. 처리 대상은 생활계 재활용 가능 자원이다. 통합 이전 네 곳은 모두 준공 20년을 넘겨 설비 노후화가 심했다. 부지 면적은 3만 1천 제곱미터다.

설계 처리 용량은 하루 220톤이며, 준공 당시 총사업비는 486억 원이었다. 시설은 광학 선별기 6대와 수선별 라인 4개를 갖췄다. 상시 근무 인원은 3교대 기준 78명이다. 광학 선별기는 재질별로 페트, 플라스틱, 종이 라인에 나눠 배치했다. 수선별 라인은 최종 품질 확인을 맡는다.

시는 선별 잔재물을 인접 소각시설로 반출한다. 반출 물량이 월 900톤을 넘으면 초과분에 대해 톤당 4만 2천 원의 추가 처리비를 부담하도록 협약에 정해져 있다. 협약 상대는 인접 자치단체가 공동 운영하는 소각시설이며, 협약 기간은 10년이다.","세연시 자원순환과가 공개한 선별장 운영 실적은 반입량 증가와 선별 품질 저하를 함께 보여준다. 자료는 최근 5년간의 지표를 담았다. 자료는 반입 계근 기록과 월별 선별 실적 보고를 근거로 작성됐다.

일평균 반입량은 준공 첫해 168톤에서 5년차 214톤으로 늘어 설계 용량에 근접했다. 반면 선별률은 같은 기간 61퍼센트에서 53퍼센트로 떨어졌다. 시는 이물질 혼입 증가를 원인으로 분석했다. 선별률은 반입량 대비 재활용품으로 출하된 물량의 비율로 정의한다. 이물질 혼입은 배출 단계 분리 미흡이 주된 원인으로 지목됐다.

잔재물 반출량은 5년차에 월평균 1,020톤을 기록해 협약 기준을 넘어섰다. 초과 처리비 부담은 해당 연도에만 6억 원을 웃돌았다. 시는 초과 처리비를 줄이기 위해 잔재물 감량 설비 도입을 검토 중이라고 밝혔다. 도입 여부는 내년 상반기에 결정할 계획이다.",none,,,unanswerable_entity
B06-01,context_qa,,Y,동진사랑상품권의 개인별 월 구매 한도와 가맹점 매출 기준은 어떻게 되는가?,,"월 50만 원, 연 매출 30억 원 이하",50만|30억,,"허구 지문 — 외부 검증 불필요, 내적 일관성만 확인",YES,"동진군은 2020년 지역화폐 '동진사랑상품권'을 발행하기 시작했다. 군은 역외 소비 유출을 줄이고 소상공인 매출을 늘리는 것을 목표로 내걸었다. 발행 형태는 지류형과 카드형 두 가지다. 지류형은 액면가 5천 원권과 1만 원권 두 종을 발행한다.

발행 첫해 총발행액은 240억 원이었고, 구매 시 할인율은 10퍼센트였다. 개인별 구매 한도는 월 50만 원으로 정했다. 가맹점은 연 매출 30억 원 이하 사업장으로 제한했으며, 첫해 등록 가맹점은 3,180곳이었다. 카드형은 충전식이며 잔액 이월이 가능하다. 가맹점 등록은 상시 접수하고 결격 사유가 없으면 3일 안에 승인한다.

군은 부정 유통을 막기 위해 환전 주기를 주 1회로 정하고, 동일 가맹점에서 하루 100만 원을 넘는 결제가 발생하면 자동 점검 대상으로 분류한다. 점검 대상으로 분류되면 해당 가맹점의 환전이 일시 보류되고 군이 거래 내역을 확인한다. 위반이 확인되면 가맹점 등록을 취소한다.","동진군 일자리경제과는 지역화폐 발행 4년차 효과 분석 결과를 내놨다. 분석은 카드형 결제 데이터와 가맹점 표본 설문을 함께 사용했다. 분석 대상 기간은 발행 첫해부터 4년차까지이며, 표본 가맹점은 420곳이다.

누적 발행액은 4년간 1,470억 원에 이르렀다. 가맹점 표본 조사에서 매출이 늘었다고 답한 비율은 58퍼센트였다. 업종별로는 음식점업의 결제 비중이 34퍼센트로 가장 높았고, 그다음이 소매업 27퍼센트였다. 결제 비중은 카드형 결제 건수를 기준으로 산출했다. 지류형은 환전 시점만 기록돼 업종 구분이 어려웠다.

과제로는 재정 부담이 지목됐다. 할인율 보전에 들어간 군비는 4년 누적 118억 원으로, 발행액 증가에 따라 매년 늘고 있다. 군은 할인율 조정을 검토 중이다. 군비 부담에는 할인율 보전 외에 카드 발급과 시스템 운영 비용이 포함된다. 국비와 도비 지원은 연도별로 편차가 컸다.",1,180,2,answerable_doc1
B06-02,context_qa,,Y,동진사랑상품권의 업종별 결제 비중에서 음식점업과 소매업은 각각 몇 퍼센트인가?,,"음식점업 34퍼센트, 소매업 27퍼센트",34|27,,"허구 지문 — 외부 검증 불필요, 내적 일관성만 확인",YES,"동진군은 2020년 지역화폐 '동진사랑상품권'을 발행하기 시작했다. 군은 역외 소비 유출을 줄이고 소상공인 매출을 늘리는 것을 목표로 내걸었다. 발행 형태는 지류형과 카드형 두 가지다. 지류형은 액면가 5천 원권과 1만 원권 두 종을 발행한다.

발행 첫해 총발행액은 240억 원이었고, 구매 시 할인율은 10퍼센트였다. 개인별 구매 한도는 월 50만 원으로 정했다. 가맹점은 연 매출 30억 원 이하 사업장으로 제한했으며, 첫해 등록 가맹점은 3,180곳이었다. 카드형은 충전식이며 잔액 이월이 가능하다. 가맹점 등록은 상시 접수하고 결격 사유가 없으면 3일 안에 승인한다.

군은 부정 유통을 막기 위해 환전 주기를 주 1회로 정하고, 동일 가맹점에서 하루 100만 원을 넘는 결제가 발생하면 자동 점검 대상으로 분류한다. 점검 대상으로 분류되면 해당 가맹점의 환전이 일시 보류되고 군이 거래 내역을 확인한다. 위반이 확인되면 가맹점 등록을 취소한다.","동진군 일자리경제과는 지역화폐 발행 4년차 효과 분석 결과를 내놨다. 분석은 카드형 결제 데이터와 가맹점 표본 설문을 함께 사용했다. 분석 대상 기간은 발행 첫해부터 4년차까지이며, 표본 가맹점은 420곳이다.

누적 발행액은 4년간 1,470억 원에 이르렀다. 가맹점 표본 조사에서 매출이 늘었다고 답한 비율은 58퍼센트였다. 업종별로는 음식점업의 결제 비중이 34퍼센트로 가장 높았고, 그다음이 소매업 27퍼센트였다. 결제 비중은 카드형 결제 건수를 기준으로 산출했다. 지류형은 환전 시점만 기록돼 업종 구분이 어려웠다.

과제로는 재정 부담이 지목됐다. 할인율 보전에 들어간 군비는 4년 누적 118억 원으로, 발행액 증가에 따라 매년 늘고 있다. 군은 할인율 조정을 검토 중이다. 군비 부담에는 할인율 보전 외에 카드 발급과 시스템 운영 비용이 포함된다. 국비와 도비 지원은 연도별로 편차가 컸다.",2,190,2,answerable_doc2
B06-03,context_qa_nogold,,N,동진사랑상품권 도입 이후 동진군의 역외 소비 유출률은 몇 퍼센트 감소했는가?,,,,자료는 역외 소비 유출 감소를 목표로 밝히지만 실제 유출률 수치는 제시하지 않는다.,"허구 지문 — 외부 검증 불필요, 내적 일관성만 확인",YES,"동진군은 2020년 지역화폐 '동진사랑상품권'을 발행하기 시작했다. 군은 역외 소비 유출을 줄이고 소상공인 매출을 늘리는 것을 목표로 내걸었다. 발행 형태는 지류형과 카드형 두 가지다. 지류형은 액면가 5천 원권과 1만 원권 두 종을 발행한다.

발행 첫해 총발행액은 240억 원이었고, 구매 시 할인율은 10퍼센트였다. 개인별 구매 한도는 월 50만 원으로 정했다. 가맹점은 연 매출 30억 원 이하 사업장으로 제한했으며, 첫해 등록 가맹점은 3,180곳이었다. 카드형은 충전식이며 잔액 이월이 가능하다. 가맹점 등록은 상시 접수하고 결격 사유가 없으면 3일 안에 승인한다.

군은 부정 유통을 막기 위해 환전 주기를 주 1회로 정하고, 동일 가맹점에서 하루 100만 원을 넘는 결제가 발생하면 자동 점검 대상으로 분류한다. 점검 대상으로 분류되면 해당 가맹점의 환전이 일시 보류되고 군이 거래 내역을 확인한다. 위반이 확인되면 가맹점 등록을 취소한다.","동진군 일자리경제과는 지역화폐 발행 4년차 효과 분석 결과를 내놨다. 분석은 카드형 결제 데이터와 가맹점 표본 설문을 함께 사용했다. 분석 대상 기간은 발행 첫해부터 4년차까지이며, 표본 가맹점은 420곳이다.

누적 발행액은 4년간 1,470억 원에 이르렀다. 가맹점 표본 조사에서 매출이 늘었다고 답한 비율은 58퍼센트였다. 업종별로는 음식점업의 결제 비중이 34퍼센트로 가장 높았고, 그다음이 소매업 27퍼센트였다. 결제 비중은 카드형 결제 건수를 기준으로 산출했다. 지류형은 환전 시점만 기록돼 업종 구분이 어려웠다.

과제로는 재정 부담이 지목됐다. 할인율 보전에 들어간 군비는 4년 누적 118억 원으로, 발행액 증가에 따라 매년 늘고 있다. 군은 할인율 조정을 검토 중이다. 군비 부담에는 할인율 보전 외에 카드 발급과 시스템 운영 비용이 포함된다. 국비와 도비 지원은 연도별로 편차가 컸다.",none,,,unanswerable_number
B06-04,context_qa_nogold,,N,동진사랑상품권 카드형의 결제 시스템을 운영하는 금융기관은 어디인가?,,,,자료는 발행 형태가 지류형과 카드형이라고만 하며 운영 기관을 언급하지 않는다.,"허구 지문 — 외부 검증 불필요, 내적 일관성만 확인",YES,"동진군은 2020년 지역화폐 '동진사랑상품권'을 발행하기 시작했다. 군은 역외 소비 유출을 줄이고 소상공인 매출을 늘리는 것을 목표로 내걸었다. 발행 형태는 지류형과 카드형 두 가지다. 지류형은 액면가 5천 원권과 1만 원권 두 종을 발행한다.

발행 첫해 총발행액은 240억 원이었고, 구매 시 할인율은 10퍼센트였다. 개인별 구매 한도는 월 50만 원으로 정했다. 가맹점은 연 매출 30억 원 이하 사업장으로 제한했으며, 첫해 등록 가맹점은 3,180곳이었다. 카드형은 충전식이며 잔액 이월이 가능하다. 가맹점 등록은 상시 접수하고 결격 사유가 없으면 3일 안에 승인한다.

군은 부정 유통을 막기 위해 환전 주기를 주 1회로 정하고, 동일 가맹점에서 하루 100만 원을 넘는 결제가 발생하면 자동 점검 대상으로 분류한다. 점검 대상으로 분류되면 해당 가맹점의 환전이 일시 보류되고 군이 거래 내역을 확인한다. 위반이 확인되면 가맹점 등록을 취소한다.","동진군 일자리경제과는 지역화폐 발행 4년차 효과 분석 결과를 내놨다. 분석은 카드형 결제 데이터와 가맹점 표본 설문을 함께 사용했다. 분석 대상 기간은 발행 첫해부터 4년차까지이며, 표본 가맹점은 420곳이다.

누적 발행액은 4년간 1,470억 원에 이르렀다. 가맹점 표본 조사에서 매출이 늘었다고 답한 비율은 58퍼센트였다. 업종별로는 음식점업의 결제 비중이 34퍼센트로 가장 높았고, 그다음이 소매업 27퍼센트였다. 결제 비중은 카드형 결제 건수를 기준으로 산출했다. 지류형은 환전 시점만 기록돼 업종 구분이 어려웠다.

과제로는 재정 부담이 지목됐다. 할인율 보전에 들어간 군비는 4년 누적 118억 원으로, 발행액 증가에 따라 매년 늘고 있다. 군은 할인율 조정을 검토 중이다. 군비 부담에는 할인율 보전 외에 카드 발급과 시스템 운영 비용이 포함된다. 국비와 도비 지원은 연도별로 편차가 컸다.",none,,,unanswerable_entity
B07-01,context_qa,,Y,청람시 청년주택의 임대료 상한과 최장 거주 기간은 어떻게 되는가?,,"주변 시세의 75퍼센트, 최장 6년",75|6년,,"허구 지문 — 외부 검증 불필요, 내적 일관성만 확인",YES,"청람시는 2021년 청년주택 공급 계획을 확정했다. 시가 부지를 제공하고 민간이 건설·운영하되, 임대료를 주변 시세의 일정 비율 이하로 묶는 방식이다. 입주 대상은 무주택 청년과 신혼부부다. 부지는 시가 소유한 공영주차장과 폐교 용지 가운데 역세권에 속한 곳을 골랐다.

1차 사업지는 세 곳으로, 총 공급 물량은 620호다. 임대료 상한은 주변 시세의 75퍼센트로 정했고, 거주 기간은 최장 6년이다. 전용면적은 19제곱미터형과 29제곱미터형 두 가지로 구성했다. 세 곳의 공급 물량은 각각 240호, 210호, 170호다. 두 면적형의 비율은 전체의 6대 4로 배분했다.

입주자 선정은 소득 기준을 우선 적용한다. 도시근로자 월평균 소득의 120퍼센트 이하인 신청자에게 우선 공급하며, 동일 순위에서는 무작위 추첨으로 정한다. 우선 공급 물량은 전체의 70퍼센트이며, 나머지는 일반 공급으로 배정한다. 재계약은 2년마다 심사한다.","청람시 주택정책과가 정리한 1차 사업지 입주 현황은 물량별로 뚜렷한 차이를 보였다. 자료는 입주 개시 후 18개월간의 지표를 담았다. 집계는 세 사업지의 월별 입주·퇴거 기록을 대조하는 방식으로 이뤄졌다.

전체 620호 가운데 입주율은 94퍼센트였다. 다만 19제곱미터형의 공실 기간이 평균 47일로, 29제곱미터형의 12일보다 길었다. 신혼부부 배정분은 조기에 모두 채워졌다. 공실 기간은 이전 임차인 퇴거일부터 다음 임차인 입주일까지로 계산했다. 신혼부부 배정분은 전체의 25퍼센트다.

퇴거 사유 집계에서는 소득 기준 초과가 31퍼센트로 가장 많았다. 시는 재계약 시점의 소득 재심사가 청년의 임금 상승과 충돌한다는 지적을 받고 기준 완화를 검토하고 있다. 그다음 퇴거 사유는 직장 이동이 24퍼센트, 혼인 상태 변동이 18퍼센트로 나타났다. 자진 퇴거 시점은 계약 2년차에 몰렸다.",1,183,2,answerable_doc1
B07-02,context_qa,,Y,청람시 청년주택에서 19제곱미터형과 29제곱미터형의 평균 공실 기간은 각각 며칠인가?,,"19제곱미터형 47일, 29제곱미터형 12일",47|12,,"허구 지문 — 외부 검증 불필요, 내적 일관성만 확인",YES,"청람시는 2021년 청년주택 공급 계획을 확정했다. 시가 부지를 제공하고 민간이 건설·운영하되, 임대료를 주변 시세의 일정 비율 이하로 묶는 방식이다. 입주 대상은 무주택 청년과 신혼부부다. 부지는 시가 소유한 공영주차장과 폐교 용지 가운데 역세권에 속한 곳을 골랐다.

1차 사업지는 세 곳으로, 총 공급 물량은 620호다. 임대료 상한은 주변 시세의 75퍼센트로 정했고, 거주 기간은 최장 6년이다. 전용면적은 19제곱미터형과 29제곱미터형 두 가지로 구성했다. 세 곳의 공급 물량은 각각 240호, 210호, 170호다. 두 면적형의 비율은 전체의 6대 4로 배분했다.

입주자 선정은 소득 기준을 우선 적용한다. 도시근로자 월평균 소득의 120퍼센트 이하인 신청자에게 우선 공급하며, 동일 순위에서는 무작위 추첨으로 정한다. 우선 공급 물량은 전체의 70퍼센트이며, 나머지는 일반 공급으로 배정한다. 재계약은 2년마다 심사한다.","청람시 주택정책과가 정리한 1차 사업지 입주 현황은 물량별로 뚜렷한 차이를 보였다. 자료는 입주 개시 후 18개월간의 지표를 담았다. 집계는 세 사업지의 월별 입주·퇴거 기록을 대조하는 방식으로 이뤄졌다.

전체 620호 가운데 입주율은 94퍼센트였다. 다만 19제곱미터형의 공실 기간이 평균 47일로, 29제곱미터형의 12일보다 길었다. 신혼부부 배정분은 조기에 모두 채워졌다. 공실 기간은 이전 임차인 퇴거일부터 다음 임차인 입주일까지로 계산했다. 신혼부부 배정분은 전체의 25퍼센트다.

퇴거 사유 집계에서는 소득 기준 초과가 31퍼센트로 가장 많았다. 시는 재계약 시점의 소득 재심사가 청년의 임금 상승과 충돌한다는 지적을 받고 기준 완화를 검토하고 있다. 그다음 퇴거 사유는 직장 이동이 24퍼센트, 혼인 상태 변동이 18퍼센트로 나타났다. 자진 퇴거 시점은 계약 2년차에 몰렸다.",2,145,2,answerable_doc2
B07-03,context_qa_nogold,,N,청람시 청년주택 1차 사업지의 총사업비는 얼마인가?,,,,자료는 공급 물량과 임대 조건은 다루지만 사업비 규모는 제시하지 않는다.,"허구 지문 — 외부 검증 불필요, 내적 일관성만 확인",YES,"청람시는 2021년 청년주택 공급 계획을 확정했다. 시가 부지를 제공하고 민간이 건설·운영하되, 임대료를 주변 시세의 일정 비율 이하로 묶는 방식이다. 입주 대상은 무주택 청년과 신혼부부다. 부지는 시가 소유한 공영주차장과 폐교 용지 가운데 역세권에 속한 곳을 골랐다.

1차 사업지는 세 곳으로, 총 공급 물량은 620호다. 임대료 상한은 주변 시세의 75퍼센트로 정했고, 거주 기간은 최장 6년이다. 전용면적은 19제곱미터형과 29제곱미터형 두 가지로 구성했다. 세 곳의 공급 물량은 각각 240호, 210호, 170호다. 두 면적형의 비율은 전체의 6대 4로 배분했다.

입주자 선정은 소득 기준을 우선 적용한다. 도시근로자 월평균 소득의 120퍼센트 이하인 신청자에게 우선 공급하며, 동일 순위에서는 무작위 추첨으로 정한다. 우선 공급 물량은 전체의 70퍼센트이며, 나머지는 일반 공급으로 배정한다. 재계약은 2년마다 심사한다.","청람시 주택정책과가 정리한 1차 사업지 입주 현황은 물량별로 뚜렷한 차이를 보였다. 자료는 입주 개시 후 18개월간의 지표를 담았다. 집계는 세 사업지의 월별 입주·퇴거 기록을 대조하는 방식으로 이뤄졌다.

전체 620호 가운데 입주율은 94퍼센트였다. 다만 19제곱미터형의 공실 기간이 평균 47일로, 29제곱미터형의 12일보다 길었다. 신혼부부 배정분은 조기에 모두 채워졌다. 공실 기간은 이전 임차인 퇴거일부터 다음 임차인 입주일까지로 계산했다. 신혼부부 배정분은 전체의 25퍼센트다.

퇴거 사유 집계에서는 소득 기준 초과가 31퍼센트로 가장 많았다. 시는 재계약 시점의 소득 재심사가 청년의 임금 상승과 충돌한다는 지적을 받고 기준 완화를 검토하고 있다. 그다음 퇴거 사유는 직장 이동이 24퍼센트, 혼인 상태 변동이 18퍼센트로 나타났다. 자진 퇴거 시점은 계약 2년차에 몰렸다.",none,,,unanswerable_number
B07-04,context_qa_nogold,,N,청람시 청년주택 1차 사업지를 시공한 건설사는 어디인가?,,,,자료는 민간이 건설·운영한다고만 하며 특정 건설사를 언급하지 않는다.,"허구 지문 — 외부 검증 불필요, 내적 일관성만 확인",YES,"청람시는 2021년 청년주택 공급 계획을 확정했다. 시가 부지를 제공하고 민간이 건설·운영하되, 임대료를 주변 시세의 일정 비율 이하로 묶는 방식이다. 입주 대상은 무주택 청년과 신혼부부다. 부지는 시가 소유한 공영주차장과 폐교 용지 가운데 역세권에 속한 곳을 골랐다.

1차 사업지는 세 곳으로, 총 공급 물량은 620호다. 임대료 상한은 주변 시세의 75퍼센트로 정했고, 거주 기간은 최장 6년이다. 전용면적은 19제곱미터형과 29제곱미터형 두 가지로 구성했다. 세 곳의 공급 물량은 각각 240호, 210호, 170호다. 두 면적형의 비율은 전체의 6대 4로 배분했다.

입주자 선정은 소득 기준을 우선 적용한다. 도시근로자 월평균 소득의 120퍼센트 이하인 신청자에게 우선 공급하며, 동일 순위에서는 무작위 추첨으로 정한다. 우선 공급 물량은 전체의 70퍼센트이며, 나머지는 일반 공급으로 배정한다. 재계약은 2년마다 심사한다.","청람시 주택정책과가 정리한 1차 사업지 입주 현황은 물량별로 뚜렷한 차이를 보였다. 자료는 입주 개시 후 18개월간의 지표를 담았다. 집계는 세 사업지의 월별 입주·퇴거 기록을 대조하는 방식으로 이뤄졌다.

전체 620호 가운데 입주율은 94퍼센트였다. 다만 19제곱미터형의 공실 기간이 평균 47일로, 29제곱미터형의 12일보다 길었다. 신혼부부 배정분은 조기에 모두 채워졌다. 공실 기간은 이전 임차인 퇴거일부터 다음 임차인 입주일까지로 계산했다. 신혼부부 배정분은 전체의 25퍼센트다.

퇴거 사유 집계에서는 소득 기준 초과가 31퍼센트로 가장 많았다. 시는 재계약 시점의 소득 재심사가 청년의 임금 상승과 충돌한다는 지적을 받고 기준 완화를 검토하고 있다. 그다음 퇴거 사유는 직장 이동이 24퍼센트, 혼인 상태 변동이 18퍼센트로 나타났다. 자진 퇴거 시점은 계약 2년차에 몰렸다.",none,,,unanswerable_entity
B08-01,context_qa,,Y,마루천 복원 사업의 총사업비와 국비 비율은 얼마인가?,,"1,240억 원, 국비 40퍼센트","1240|1,240|40",,"허구 지문 — 외부 검증 불필요, 내적 일관성만 확인",YES,"마루시는 도심을 지나는 마루천 복원 사업을 2019년 착공했다. 복개 도로를 걷어내고 수변 공간을 조성하는 사업으로, 구간 길이는 3.4킬로미터다. 시는 도심 열섬 완화와 보행 환경 개선을 기대 효과로 제시했다. 구간은 상류 1.1킬로미터, 중류 1.3킬로미터, 하류 1.0킬로미터로 나눠 순차 시공했다.

총사업비는 1,240억 원이며, 이 가운데 국비 비율은 40퍼센트다. 복원 구간에는 보행교 5개와 수변 산책로 양안 6.8킬로미터가 포함된다. 유지 용수는 하수처리수를 고도 처리해 하루 4만 톤을 공급한다. 보행교는 구간마다 균등 배치하지 않고 접근 수요가 많은 중류에 3개를 집중했다. 산책로 폭은 3미터로 통일했다.

시는 복개 도로 철거로 사라지는 차로를 보완하기 위해 우회 도로 두 곳을 확장했다. 확장 공사는 본 사업과 별도 예산으로 집행했다. 우회 도로 확장으로 늘어난 차로는 편도 각 1개씩이다.","마루시 도시재생지원센터는 복원 완료 2년 시점의 모니터링 결과를 발표했다. 조사는 기온, 보행량, 수질 세 축으로 이뤄졌다. 모니터링은 복원 구간 12개 지점과 대조 지점 4곳에서 동일한 방법으로 진행했다.

여름철 수변 100미터 이내 평균 기온은 인근 대조 지점보다 1.8도 낮게 측정됐다. 주말 보행량은 복원 전 대비 3.2배로 늘었다. 생물화학적산소요구량은 리터당 3.1밀리그램으로 목표치를 충족했다. 기온은 7월과 8월 오후 2시 측정값의 평균이다. 보행량은 평일과 주말을 나눠 자동 계수기로 집계했다.

반면 인근 상가 임대료가 2년 만에 평균 38퍼센트 올라 기존 상인의 이탈이 관찰됐다. 센터는 이를 사업의 부수 효과로 기록하고 별도 대응이 필요하다고 밝혔다. 센터는 임대료 상승이 복원 구간 중류에 집중됐다고 밝혔다. 상류와 하류의 상승폭은 시 평균과 큰 차이가 없었다.",1,172,2,answerable_doc1
B08-02,context_qa,,Y,마루천 복원 후 수변 100미터 이내 여름철 평균 기온은 대조 지점보다 몇 도 낮았는가?,,1.8도,1.8,,"허구 지문 — 외부 검증 불필요, 내적 일관성만 확인",YES,"마루시는 도심을 지나는 마루천 복원 사업을 2019년 착공했다. 복개 도로를 걷어내고 수변 공간을 조성하는 사업으로, 구간 길이는 3.4킬로미터다. 시는 도심 열섬 완화와 보행 환경 개선을 기대 효과로 제시했다. 구간은 상류 1.1킬로미터, 중류 1.3킬로미터, 하류 1.0킬로미터로 나눠 순차 시공했다.

총사업비는 1,240억 원이며, 이 가운데 국비 비율은 40퍼센트다. 복원 구간에는 보행교 5개와 수변 산책로 양안 6.8킬로미터가 포함된다. 유지 용수는 하수처리수를 고도 처리해 하루 4만 톤을 공급한다. 보행교는 구간마다 균등 배치하지 않고 접근 수요가 많은 중류에 3개를 집중했다. 산책로 폭은 3미터로 통일했다.

시는 복개 도로 철거로 사라지는 차로를 보완하기 위해 우회 도로 두 곳을 확장했다. 확장 공사는 본 사업과 별도 예산으로 집행했다. 우회 도로 확장으로 늘어난 차로는 편도 각 1개씩이다.","마루시 도시재생지원센터는 복원 완료 2년 시점의 모니터링 결과를 발표했다. 조사는 기온, 보행량, 수질 세 축으로 이뤄졌다. 모니터링은 복원 구간 12개 지점과 대조 지점 4곳에서 동일한 방법으로 진행했다.

여름철 수변 100미터 이내 평균 기온은 인근 대조 지점보다 1.8도 낮게 측정됐다. 주말 보행량은 복원 전 대비 3.2배로 늘었다. 생물화학적산소요구량은 리터당 3.1밀리그램으로 목표치를 충족했다. 기온은 7월과 8월 오후 2시 측정값의 평균이다. 보행량은 평일과 주말을 나눠 자동 계수기로 집계했다.

반면 인근 상가 임대료가 2년 만에 평균 38퍼센트 올라 기존 상인의 이탈이 관찰됐다. 센터는 이를 사업의 부수 효과로 기록하고 별도 대응이 필요하다고 밝혔다. 센터는 임대료 상승이 복원 구간 중류에 집중됐다고 밝혔다. 상류와 하류의 상승폭은 시 평균과 큰 차이가 없었다.",2,140,2,answerable_doc2
B08-03,context_qa_nogold,,N,마루천 복원 사업의 연간 유지관리비는 얼마인가?,,,,자료는 총사업비와 용수 공급량은 다루지만 유지관리비는 제시하지 않는다.,"허구 지문 — 외부 검증 불필요, 내적 일관성만 확인",YES,"마루시는 도심을 지나는 마루천 복원 사업을 2019년 착공했다. 복개 도로를 걷어내고 수변 공간을 조성하는 사업으로, 구간 길이는 3.4킬로미터다. 시는 도심 열섬 완화와 보행 환경 개선을 기대 효과로 제시했다. 구간은 상류 1.1킬로미터, 중류 1.3킬로미터, 하류 1.0킬로미터로 나눠 순차 시공했다.

총사업비는 1,240억 원이며, 이 가운데 국비 비율은 40퍼센트다. 복원 구간에는 보행교 5개와 수변 산책로 양안 6.8킬로미터가 포함된다. 유지 용수는 하수처리수를 고도 처리해 하루 4만 톤을 공급한다. 보행교는 구간마다 균등 배치하지 않고 접근 수요가 많은 중류에 3개를 집중했다. 산책로 폭은 3미터로 통일했다.

시는 복개 도로 철거로 사라지는 차로를 보완하기 위해 우회 도로 두 곳을 확장했다. 확장 공사는 본 사업과 별도 예산으로 집행했다. 우회 도로 확장으로 늘어난 차로는 편도 각 1개씩이다.","마루시 도시재생지원센터는 복원 완료 2년 시점의 모니터링 결과를 발표했다. 조사는 기온, 보행량, 수질 세 축으로 이뤄졌다. 모니터링은 복원 구간 12개 지점과 대조 지점 4곳에서 동일한 방법으로 진행했다.

여름철 수변 100미터 이내 평균 기온은 인근 대조 지점보다 1.8도 낮게 측정됐다. 주말 보행량은 복원 전 대비 3.2배로 늘었다. 생물화학적산소요구량은 리터당 3.1밀리그램으로 목표치를 충족했다. 기온은 7월과 8월 오후 2시 측정값의 평균이다. 보행량은 평일과 주말을 나눠 자동 계수기로 집계했다.

반면 인근 상가 임대료가 2년 만에 평균 38퍼센트 올라 기존 상인의 이탈이 관찰됐다. 센터는 이를 사업의 부수 효과로 기록하고 별도 대응이 필요하다고 밝혔다. 센터는 임대료 상승이 복원 구간 중류에 집중됐다고 밝혔다. 상류와 하류의 상승폭은 시 평균과 큰 차이가 없었다.",none,,,unanswerable_number
B08-04,context_qa_nogold,,N,마루천 복원 사업의 설계를 맡은 조경 설계사무소는 어디인가?,,,,자료에 설계 주체나 참여 업체에 관한 언급이 없다.,"허구 지문 — 외부 검증 불필요, 내적 일관성만 확인",YES,"마루시는 도심을 지나는 마루천 복원 사업을 2019년 착공했다. 복개 도로를 걷어내고 수변 공간을 조성하는 사업으로, 구간 길이는 3.4킬로미터다. 시는 도심 열섬 완화와 보행 환경 개선을 기대 효과로 제시했다. 구간은 상류 1.1킬로미터, 중류 1.3킬로미터, 하류 1.0킬로미터로 나눠 순차 시공했다.

총사업비는 1,240억 원이며, 이 가운데 국비 비율은 40퍼센트다. 복원 구간에는 보행교 5개와 수변 산책로 양안 6.8킬로미터가 포함된다. 유지 용수는 하수처리수를 고도 처리해 하루 4만 톤을 공급한다. 보행교는 구간마다 균등 배치하지 않고 접근 수요가 많은 중류에 3개를 집중했다. 산책로 폭은 3미터로 통일했다.

시는 복개 도로 철거로 사라지는 차로를 보완하기 위해 우회 도로 두 곳을 확장했다. 확장 공사는 본 사업과 별도 예산으로 집행했다. 우회 도로 확장으로 늘어난 차로는 편도 각 1개씩이다.","마루시 도시재생지원센터는 복원 완료 2년 시점의 모니터링 결과를 발표했다. 조사는 기온, 보행량, 수질 세 축으로 이뤄졌다. 모니터링은 복원 구간 12개 지점과 대조 지점 4곳에서 동일한 방법으로 진행했다.

여름철 수변 100미터 이내 평균 기온은 인근 대조 지점보다 1.8도 낮게 측정됐다. 주말 보행량은 복원 전 대비 3.2배로 늘었다. 생물화학적산소요구량은 리터당 3.1밀리그램으로 목표치를 충족했다. 기온은 7월과 8월 오후 2시 측정값의 평균이다. 보행량은 평일과 주말을 나눠 자동 계수기로 집계했다.

반면 인근 상가 임대료가 2년 만에 평균 38퍼센트 올라 기존 상인의 이탈이 관찰됐다. 센터는 이를 사업의 부수 효과로 기록하고 별도 대응이 필요하다고 밝혔다. 센터는 임대료 상승이 복원 구간 중류에 집중됐다고 밝혔다. 상류와 하류의 상승폭은 시 평균과 큰 차이가 없었다.",none,,,unanswerable_entity
B09-01,context_qa,,Y,은하군 노인복지관의 개관 첫해 프로그램 수와 그중 무료 프로그램 수는 몇 개인가?,,총 38개 중 무료 22개,38|22,,"허구 지문 — 외부 검증 불필요, 내적 일관성만 확인",YES,"은하군은 2018년 노인복지관을 신축해 운영하고 있다. 복지관은 여가, 건강, 돌봄 세 부문의 프로그램을 제공하며, 운영은 민간 법인에 위탁하는 방식이다. 위탁 기간은 3년 단위다. 복지관은 지상 3층 규모이며, 층별로 부문을 나눠 배치했다. 위탁 법인은 공개 모집으로 선정한다.

연면적은 4,200제곱미터이고, 등록 회원은 개관 첫해 2,400명이었다. 프로그램은 총 38개로 시작했으며, 이 가운데 무료 프로그램이 22개다. 종사자는 정규직 19명과 시간제 11명으로 구성된다. 등록 회원은 만 60세 이상 군민으로 한정한다. 프로그램은 분기마다 수요 조사를 거쳐 개편한다.

복지관은 거동이 불편한 회원을 위해 순환 차량 4대를 운행한다. 운행 노선은 군 전체를 다섯 권역으로 나눠 요일별로 배정한다. 차량은 25인승 2대와 15인승 2대로 구성된다. 이용 신청은 전화와 방문 접수를 모두 받는다.","은하군 주민복지과는 복지관 운영 5년간의 이용 실태를 정리했다. 자료는 회원 구성 변화와 프로그램 수요의 이동을 함께 보여준다. 자료는 회원 등록 기록과 프로그램별 신청·대기 명부를 근거로 작성됐다.

등록 회원은 5년차에 3,860명으로 늘었다. 연령대별로는 75세 이상 비중이 개관 첫해 28퍼센트에서 41퍼센트로 커졌다. 건강 부문 프로그램의 대기자 수가 여가 부문의 두 배를 넘었다. 대기자 수는 분기말 기준 누적치이며, 중복 신청은 제외했다. 돌봄 부문은 별도 기준으로 집계해 비교에서 뺐다.

순환 차량 이용은 정원 대비 탑승률이 평균 62퍼센트에 그쳤다. 과는 권역별 수요 편차를 원인으로 보고 노선 재편을 다음 위탁 기간의 과제로 제시했다. 탑승률은 운행 일자별 실제 탑승 인원을 정원으로 나눈 값의 평균이다. 권역별 격차는 최대 두 배를 넘었다.",1,200,2,answerable_doc1
B09-02,context_qa,,Y,은하군 노인복지관 회원 중 75세 이상 비중은 개관 첫해와 5년차에 각각 몇 퍼센트인가?,,"첫해 28퍼센트, 5년차 41퍼센트",28|41,,"허구 지문 — 외부 검증 불필요, 내적 일관성만 확인",YES,"은하군은 2018년 노인복지관을 신축해 운영하고 있다. 복지관은 여가, 건강, 돌봄 세 부문의 프로그램을 제공하며, 운영은 민간 법인에 위탁하는 방식이다. 위탁 기간은 3년 단위다. 복지관은 지상 3층 규모이며, 층별로 부문을 나눠 배치했다. 위탁 법인은 공개 모집으로 선정한다.

연면적은 4,200제곱미터이고, 등록 회원은 개관 첫해 2,400명이었다. 프로그램은 총 38개로 시작했으며, 이 가운데 무료 프로그램이 22개다. 종사자는 정규직 19명과 시간제 11명으로 구성된다. 등록 회원은 만 60세 이상 군민으로 한정한다. 프로그램은 분기마다 수요 조사를 거쳐 개편한다.

복지관은 거동이 불편한 회원을 위해 순환 차량 4대를 운행한다. 운행 노선은 군 전체를 다섯 권역으로 나눠 요일별로 배정한다. 차량은 25인승 2대와 15인승 2대로 구성된다. 이용 신청은 전화와 방문 접수를 모두 받는다.","은하군 주민복지과는 복지관 운영 5년간의 이용 실태를 정리했다. 자료는 회원 구성 변화와 프로그램 수요의 이동을 함께 보여준다. 자료는 회원 등록 기록과 프로그램별 신청·대기 명부를 근거로 작성됐다.

등록 회원은 5년차에 3,860명으로 늘었다. 연령대별로는 75세 이상 비중이 개관 첫해 28퍼센트에서 41퍼센트로 커졌다. 건강 부문 프로그램의 대기자 수가 여가 부문의 두 배를 넘었다. 대기자 수는 분기말 기준 누적치이며, 중복 신청은 제외했다. 돌봄 부문은 별도 기준으로 집계해 비교에서 뺐다.

순환 차량 이용은 정원 대비 탑승률이 평균 62퍼센트에 그쳤다. 과는 권역별 수요 편차를 원인으로 보고 노선 재편을 다음 위탁 기간의 과제로 제시했다. 탑승률은 운행 일자별 실제 탑승 인원을 정원으로 나눈 값의 평균이다. 권역별 격차는 최대 두 배를 넘었다.",2,146,2,answerable_doc2
B09-03,context_qa_nogold,,N,은하군 노인복지관의 연간 운영 예산은 얼마인가?,,,,"자료는 시설 규모와 인력, 이용 실적은 다루지만 예산액은 제시하지 않는다.","허구 지문 — 외부 검증 불필요, 내적 일관성만 확인",YES,"은하군은 2018년 노인복지관을 신축해 운영하고 있다. 복지관은 여가, 건강, 돌봄 세 부문의 프로그램을 제공하며, 운영은 민간 법인에 위탁하는 방식이다. 위탁 기간은 3년 단위다. 복지관은 지상 3층 규모이며, 층별로 부문을 나눠 배치했다. 위탁 법인은 공개 모집으로 선정한다.

연면적은 4,200제곱미터이고, 등록 회원은 개관 첫해 2,400명이었다. 프로그램은 총 38개로 시작했으며, 이 가운데 무료 프로그램이 22개다. 종사자는 정규직 19명과 시간제 11명으로 구성된다. 등록 회원은 만 60세 이상 군민으로 한정한다. 프로그램은 분기마다 수요 조사를 거쳐 개편한다.

복지관은 거동이 불편한 회원을 위해 순환 차량 4대를 운행한다. 운행 노선은 군 전체를 다섯 권역으로 나눠 요일별로 배정한다. 차량은 25인승 2대와 15인승 2대로 구성된다. 이용 신청은 전화와 방문 접수를 모두 받는다.","은하군 주민복지과는 복지관 운영 5년간의 이용 실태를 정리했다. 자료는 회원 구성 변화와 프로그램 수요의 이동을 함께 보여준다. 자료는 회원 등록 기록과 프로그램별 신청·대기 명부를 근거로 작성됐다.

등록 회원은 5년차에 3,860명으로 늘었다. 연령대별로는 75세 이상 비중이 개관 첫해 28퍼센트에서 41퍼센트로 커졌다. 건강 부문 프로그램의 대기자 수가 여가 부문의 두 배를 넘었다. 대기자 수는 분기말 기준 누적치이며, 중복 신청은 제외했다. 돌봄 부문은 별도 기준으로 집계해 비교에서 뺐다.

순환 차량 이용은 정원 대비 탑승률이 평균 62퍼센트에 그쳤다. 과는 권역별 수요 편차를 원인으로 보고 노선 재편을 다음 위탁 기간의 과제로 제시했다. 탑승률은 운행 일자별 실제 탑승 인원을 정원으로 나눈 값의 평균이다. 권역별 격차는 최대 두 배를 넘었다.",none,,,unanswerable_number
B09-04,context_qa_nogold,,N,은하군 노인복지관 운영을 위탁받은 법인의 이름은 무엇인가?,,,,자료는 민간 법인에 위탁한다고만 하며 법인명을 밝히지 않는다.,"허구 지문 — 외부 검증 불필요, 내적 일관성만 확인",YES,"은하군은 2018년 노인복지관을 신축해 운영하고 있다. 복지관은 여가, 건강, 돌봄 세 부문의 프로그램을 제공하며, 운영은 민간 법인에 위탁하는 방식이다. 위탁 기간은 3년 단위다. 복지관은 지상 3층 규모이며, 층별로 부문을 나눠 배치했다. 위탁 법인은 공개 모집으로 선정한다.

연면적은 4,200제곱미터이고, 등록 회원은 개관 첫해 2,400명이었다. 프로그램은 총 38개로 시작했으며, 이 가운데 무료 프로그램이 22개다. 종사자는 정규직 19명과 시간제 11명으로 구성된다. 등록 회원은 만 60세 이상 군민으로 한정한다. 프로그램은 분기마다 수요 조사를 거쳐 개편한다.

복지관은 거동이 불편한 회원을 위해 순환 차량 4대를 운행한다. 운행 노선은 군 전체를 다섯 권역으로 나눠 요일별로 배정한다. 차량은 25인승 2대와 15인승 2대로 구성된다. 이용 신청은 전화와 방문 접수를 모두 받는다.","은하군 주민복지과는 복지관 운영 5년간의 이용 실태를 정리했다. 자료는 회원 구성 변화와 프로그램 수요의 이동을 함께 보여준다. 자료는 회원 등록 기록과 프로그램별 신청·대기 명부를 근거로 작성됐다.

등록 회원은 5년차에 3,860명으로 늘었다. 연령대별로는 75세 이상 비중이 개관 첫해 28퍼센트에서 41퍼센트로 커졌다. 건강 부문 프로그램의 대기자 수가 여가 부문의 두 배를 넘었다. 대기자 수는 분기말 기준 누적치이며, 중복 신청은 제외했다. 돌봄 부문은 별도 기준으로 집계해 비교에서 뺐다.

순환 차량 이용은 정원 대비 탑승률이 평균 62퍼센트에 그쳤다. 과는 권역별 수요 편차를 원인으로 보고 노선 재편을 다음 위탁 기간의 과제로 제시했다. 탑승률은 운행 일자별 실제 탑승 인원을 정원으로 나눈 값의 평균이다. 권역별 격차는 최대 두 배를 넘었다.",none,,,unanswerable_entity
B10-01,context_qa,,Y,서림시문화재단 이사회 구성과 예술 분야 전문가 최소 인원은 어떻게 되는가?,,"이사회 11명, 예술 분야 전문가 5명 이상",11|5명,,"허구 지문 — 외부 검증 불필요, 내적 일관성만 확인",YES,"서림시문화재단은 2017년 설립돼 시립 공연장 두 곳을 운영한다. 대공연장은 1,180석, 소공연장은 320석 규모다. 재단은 기획공연과 대관을 병행하며, 지역 예술단체에는 대관료를 감면한다. 두 공연장은 같은 건물에 있으며, 연습실 4개와 전시 공간을 함께 갖췄다.

설립 근거는 시 조례이며, 기본재산은 출연금 150억 원으로 조성됐다. 이사회는 11명으로 구성하고, 이 가운데 예술 분야 전문가를 5명 이상 두도록 정관에 정해져 있다. 출연금은 시가 5년에 걸쳐 분할 출연했다. 이사 임기는 3년이고 한 차례 연임할 수 있다.

지역 예술단체 대관료 감면율은 50퍼센트다. 감면을 받으려면 서림시에 주된 사무소를 두고 2년 이상 활동한 실적을 제출해야 한다. 감면 대상 여부는 재단이 매년 초에 심사해 명단을 공고한다. 상업 목적 공연은 감면에서 제외한다.","서림시문화재단이 공개한 운영 5년 성과 자료는 관객 수와 재정 구조를 함께 다뤘다. 자료는 기획공연과 대관을 구분해 집계했다. 집계 대상은 두 공연장에서 열린 유료·무료 공연 전체이며, 외부 대관 행사도 포함했다.

연간 총관객은 첫해 11만 2천 명에서 5년차 18만 5천 명으로 늘었다. 기획공연 평균 객석 점유율은 68퍼센트였고, 대관 공연은 54퍼센트였다. 유료 관객 비율은 5년차에 71퍼센트를 기록했다. 객석 점유율은 판매·배포된 좌석 수를 총좌석 수로 나눈 값이다. 무료 초대권은 별도로 표시했다.

재정에서는 시 출연금 의존도가 과제로 꼽혔다. 총수입에서 출연금이 차지하는 비중은 5년 내내 60퍼센트를 넘었고, 자체 수입 증가 속도는 관객 증가를 따라가지 못했다. 자체 수입은 입장 수입, 대관료, 후원금으로 구성된다. 후원금은 5년 내내 총수입의 5퍼센트를 밑돌았다.",1,191,2,answerable_doc1
B10-02,context_qa,,Y,서림시문화재단의 기획공연과 대관 공연 평균 객석 점유율은 각각 몇 퍼센트인가?,,"기획공연 68퍼센트, 대관 공연 54퍼센트",68|54,,"허구 지문 — 외부 검증 불필요, 내적 일관성만 확인",YES,"서림시문화재단은 2017년 설립돼 시립 공연장 두 곳을 운영한다. 대공연장은 1,180석, 소공연장은 320석 규모다. 재단은 기획공연과 대관을 병행하며, 지역 예술단체에는 대관료를 감면한다. 두 공연장은 같은 건물에 있으며, 연습실 4개와 전시 공간을 함께 갖췄다.

설립 근거는 시 조례이며, 기본재산은 출연금 150억 원으로 조성됐다. 이사회는 11명으로 구성하고, 이 가운데 예술 분야 전문가를 5명 이상 두도록 정관에 정해져 있다. 출연금은 시가 5년에 걸쳐 분할 출연했다. 이사 임기는 3년이고 한 차례 연임할 수 있다.

지역 예술단체 대관료 감면율은 50퍼센트다. 감면을 받으려면 서림시에 주된 사무소를 두고 2년 이상 활동한 실적을 제출해야 한다. 감면 대상 여부는 재단이 매년 초에 심사해 명단을 공고한다. 상업 목적 공연은 감면에서 제외한다.","서림시문화재단이 공개한 운영 5년 성과 자료는 관객 수와 재정 구조를 함께 다뤘다. 자료는 기획공연과 대관을 구분해 집계했다. 집계 대상은 두 공연장에서 열린 유료·무료 공연 전체이며, 외부 대관 행사도 포함했다.

연간 총관객은 첫해 11만 2천 명에서 5년차 18만 5천 명으로 늘었다. 기획공연 평균 객석 점유율은 68퍼센트였고, 대관 공연은 54퍼센트였다. 유료 관객 비율은 5년차에 71퍼센트를 기록했다. 객석 점유율은 판매·배포된 좌석 수를 총좌석 수로 나눈 값이다. 무료 초대권은 별도로 표시했다.

재정에서는 시 출연금 의존도가 과제로 꼽혔다. 총수입에서 출연금이 차지하는 비중은 5년 내내 60퍼센트를 넘었고, 자체 수입 증가 속도는 관객 증가를 따라가지 못했다. 자체 수입은 입장 수입, 대관료, 후원금으로 구성된다. 후원금은 5년 내내 총수입의 5퍼센트를 밑돌았다.",2,163,2,answerable_doc2
B10-03,context_qa_nogold,,N,서림시문화재단 대공연장의 연간 가동일수는 며칠인가?,,,,자료는 좌석 규모와 점유율은 다루지만 가동일수는 제시하지 않는다.,"허구 지문 — 외부 검증 불필요, 내적 일관성만 확인",YES,"서림시문화재단은 2017년 설립돼 시립 공연장 두 곳을 운영한다. 대공연장은 1,180석, 소공연장은 320석 규모다. 재단은 기획공연과 대관을 병행하며, 지역 예술단체에는 대관료를 감면한다. 두 공연장은 같은 건물에 있으며, 연습실 4개와 전시 공간을 함께 갖췄다.

설립 근거는 시 조례이며, 기본재산은 출연금 150억 원으로 조성됐다. 이사회는 11명으로 구성하고, 이 가운데 예술 분야 전문가를 5명 이상 두도록 정관에 정해져 있다. 출연금은 시가 5년에 걸쳐 분할 출연했다. 이사 임기는 3년이고 한 차례 연임할 수 있다.

지역 예술단체 대관료 감면율은 50퍼센트다. 감면을 받으려면 서림시에 주된 사무소를 두고 2년 이상 활동한 실적을 제출해야 한다. 감면 대상 여부는 재단이 매년 초에 심사해 명단을 공고한다. 상업 목적 공연은 감면에서 제외한다.","서림시문화재단이 공개한 운영 5년 성과 자료는 관객 수와 재정 구조를 함께 다뤘다. 자료는 기획공연과 대관을 구분해 집계했다. 집계 대상은 두 공연장에서 열린 유료·무료 공연 전체이며, 외부 대관 행사도 포함했다.

연간 총관객은 첫해 11만 2천 명에서 5년차 18만 5천 명으로 늘었다. 기획공연 평균 객석 점유율은 68퍼센트였고, 대관 공연은 54퍼센트였다. 유료 관객 비율은 5년차에 71퍼센트를 기록했다. 객석 점유율은 판매·배포된 좌석 수를 총좌석 수로 나눈 값이다. 무료 초대권은 별도로 표시했다.

재정에서는 시 출연금 의존도가 과제로 꼽혔다. 총수입에서 출연금이 차지하는 비중은 5년 내내 60퍼센트를 넘었고, 자체 수입 증가 속도는 관객 증가를 따라가지 못했다. 자체 수입은 입장 수입, 대관료, 후원금으로 구성된다. 후원금은 5년 내내 총수입의 5퍼센트를 밑돌았다.",none,,,unanswerable_number
B10-04,context_qa_nogold,,N,서림시문화재단의 초대 대표이사는 누구인가?,,,,자료는 이사회 구성만 다루며 개별 인물을 언급하지 않는다.,"허구 지문 — 외부 검증 불필요, 내적 일관성만 확인",YES,"서림시문화재단은 2017년 설립돼 시립 공연장 두 곳을 운영한다. 대공연장은 1,180석, 소공연장은 320석 규모다. 재단은 기획공연과 대관을 병행하며, 지역 예술단체에는 대관료를 감면한다. 두 공연장은 같은 건물에 있으며, 연습실 4개와 전시 공간을 함께 갖췄다.

설립 근거는 시 조례이며, 기본재산은 출연금 150억 원으로 조성됐다. 이사회는 11명으로 구성하고, 이 가운데 예술 분야 전문가를 5명 이상 두도록 정관에 정해져 있다. 출연금은 시가 5년에 걸쳐 분할 출연했다. 이사 임기는 3년이고 한 차례 연임할 수 있다.

지역 예술단체 대관료 감면율은 50퍼센트다. 감면을 받으려면 서림시에 주된 사무소를 두고 2년 이상 활동한 실적을 제출해야 한다. 감면 대상 여부는 재단이 매년 초에 심사해 명단을 공고한다. 상업 목적 공연은 감면에서 제외한다.","서림시문화재단이 공개한 운영 5년 성과 자료는 관객 수와 재정 구조를 함께 다뤘다. 자료는 기획공연과 대관을 구분해 집계했다. 집계 대상은 두 공연장에서 열린 유료·무료 공연 전체이며, 외부 대관 행사도 포함했다.

연간 총관객은 첫해 11만 2천 명에서 5년차 18만 5천 명으로 늘었다. 기획공연 평균 객석 점유율은 68퍼센트였고, 대관 공연은 54퍼센트였다. 유료 관객 비율은 5년차에 71퍼센트를 기록했다. 객석 점유율은 판매·배포된 좌석 수를 총좌석 수로 나눈 값이다. 무료 초대권은 별도로 표시했다.

재정에서는 시 출연금 의존도가 과제로 꼽혔다. 총수입에서 출연금이 차지하는 비중은 5년 내내 60퍼센트를 넘었고, 자체 수입 증가 속도는 관객 증가를 따라가지 못했다. 자체 수입은 입장 수입, 대관료, 후원금으로 구성된다. 후원금은 5년 내내 총수입의 5퍼센트를 밑돌았다.",none,,,unanswerable_entity
